pid,Danceability,Energy,Valence,Acousticness,Instrumentalness,Speechiness,Tempo
0,0.67512,0.7658400000000001,0.63368,0.088395356,0.0013699152,0.090516,0.5055066089824796
1,0.5298421052631579,0.6900526315789474,0.5388421052631579,0.13069105263157896,0.05120276315789474,0.09507368421052631,0.5084566922001803
2,0.7181666666666667,0.7718333333333334,0.5855,0.17426666666666665,8.681666666666667e-06,0.06403333333333333,0.47592740875301764
3,0.5623333333333332,0.5443333333333333,0.37023333333333336,0.3269666666666667,0.06282800000000001,0.07126666666666666,0.32734381847009425
4,0.5383333333333333,0.6007333333333333,0.3961666666666666,0.2782848333333333,1.5355e-05,0.04623333333333333,0.6945735831919114
5,0.6813214285714286,0.6694642857142857,0.5730714285714286,0.16275499999999998,0.0023646046428571427,0.05618571428571428,0.4370876855415063
6,0.45519999999999994,0.7110000000000001,0.5609999999999999,0.01892,0.0025789,0.0454,0.5787962808040729
7,0.7248,0.5311999999999999,0.6102000000000001,0.37455999999999995,0.0014989600000000001,0.06636,0.47157300953701264
8,0.5175,0.6965,0.5647,0.28753761,0.152924079,0.04543,0.5002569495900757
9,0.6022000000000001,0.6532,0.5218,0.3708,0.01122248,0.03258,0.5055250137438152
10,0.7251875,0.6435,0.47524999999999995,0.18836875,1.2978125e-05,0.15295,0.500269647680283
11,0.5915384615384615,0.6075384615384615,0.4276153846153846,0.19040553076923078,0.14004197923076925,0.06939230769230768,0.4939403104723275
12,0.6455714285714286,0.6487142857142858,0.5041428571428571,0.2663,3.301428571428571e-05,0.0678,0.4168772344370499
13,0.49466666666666664,0.25899999999999995,0.34,0.7333333333333334,0.00032033333333333333,0.04306666666666667,0.34958688879859134
14,0.5103409090909091,0.7562272727272727,0.5400909090909091,0.06694231363636363,0.017004707272727272,0.04352954545454545,0.4624338884458515
16,0.5361111111111111,0.5954444444444444,0.5321111111111111,0.257231,0.13298417222222222,0.0484,0.4242682580278488
17,0.6151851851851852,0.736074074074074,0.5735185185185185,0.12066555555555557,0.002589588148148148,0.051399999999999994,0.47839343873356827
18,0.6064736842105263,0.6036842105263158,0.49194736842105263,0.19572894736842103,7.466684210526316e-05,0.07365263157894737,0.5076235716810731
19,0.5167142857142857,0.3507142857142857,0.34785714285714286,0.7171571428571429,0.0021624285714285717,0.03542857142857143,0.47084945314980925
21,0.5408000000000001,0.484,0.40700000000000003,0.42824999999999996,0.000132185,0.033729999999999996,0.4188194660228984
22,0.6671538461538462,0.6191538461538462,0.45779230769230767,0.16684923076923075,0.03100583076923077,0.08769230769230768,0.39466905444389483
23,0.38380000000000003,0.9471999999999999,0.27799999999999997,0.00427482,0.0027544880000000002,0.10856000000000002,0.6132968425078279
24,0.7143333333333333,0.5426666666666667,0.5753333333333334,0.06348333333333334,1.1933333333333335e-05,0.034833333333333334,0.32757686577272116
25,0.7274,0.7016,0.6058,0.10727640000000001,0.0021263999999999996,0.08596000000000001,0.4236525085450677
26,0.70075,0.50125,0.54625,0.3139,0.0356538,0.049275,0.45012787723785164
27,0.47300000000000003,0.572,0.3825,0.12233999999999999,0.017093866666666666,0.037866666666666667,0.44910306666347966
28,0.6836315789473685,0.6941052631578948,0.513521052631579,0.1676537894736842,0.0014434294736842103,0.16338947368421053,0.4608018211027005
29,0.70275,0.5755833333333333,0.6254166666666666,0.19795991666666668,0.00018822833333333332,0.09141666666666666,0.40483105066488195
31,0.6803157894736842,0.7862631578947369,0.554421052631579,0.07704894736842105,0.011013637894736842,0.07902105263157895,0.415427416930116
32,0.5790555555555555,0.5337777777777778,0.419,0.35545,0.005177998333333333,0.04888888888888889,0.37128452220655295
34,0.6263333333333333,0.70525,0.47983333333333333,0.1074175,0.0023506875,0.05795,0.4775009760100708
35,0.6680714285714285,0.6783571428571429,0.46349999999999997,0.14582857142857142,0.00037387,0.06915714285714285,0.4487389836064453
37,0.6996875,0.643625,0.4918,0.13013375,0.0081739625,0.1686125,0.5200446823385998
38,0.68175,0.6723125,0.559684375,0.1397178125,0.0008713175,0.07305,0.46249469667997223
39,0.59125,0.8331666666666666,0.6325,0.10831666666666667,1.5824999999999999e-06,0.045358333333333334,0.47248199361012183
40,0.6259230769230769,0.6414615384615385,0.4539615384615384,0.2470630769230769,0.0002745207692307692,0.07661923076923077,0.4620438570201937
41,0.5997358490566038,0.6109811320754717,0.5154679245283019,0.26814283018867924,0.0003847118867924529,0.05018301886792453,0.4369393391513605
42,0.6309782608695652,0.6615652173913044,0.53555,0.24671760869565218,0.0004822421739130435,0.06337826086956522,0.4629115740071976
43,0.54825,0.7995,0.7195,0.22623000000000001,1e-06,0.050699999999999995,0.6957507708487702
44,0.5844285714285714,0.7187142857142856,0.4144285714285714,0.19267142857142858,8.907142857142856e-06,0.0449,0.45698185816382625
45,0.49526000000000003,0.73324,0.493742,0.115134126,0.0034683780000000003,0.047336,0.4585021631570141
48,0.6013636363636364,0.8062727272727273,0.6546363636363636,0.17431818181818182,1.3636363636363636e-06,0.04403636363636364,0.5082919208095487
50,0.664,0.7623125,0.6038749999999999,0.09825,1.252625e-05,0.06535625,0.45255395941391585
51,0.5136666666666666,0.593,0.30505,0.23945166666666665,0.018559648333333335,0.043925,0.46767215622535074
52,0.487375,0.384625,0.57725,0.602625,0.044177722499999995,0.0450375,0.5093375779812128
53,0.7628611111111111,0.7223055555555555,0.5720361111111111,0.09567088888888889,0.00031659166666666666,0.19270277777777778,0.47980837668942694
55,0.5660625,0.7052708333333334,0.5396875,0.24043479166666668,0.0021777895833333333,0.04147083333333333,0.48601305363673303
56,0.60825,0.48424999999999996,0.627,0.223075,0.000895,0.16415000000000002,0.3636479073547338
59,0.64956,0.6674800000000001,0.5777680000000001,0.18572120000000003,5.68596e-05,0.06278399999999999,0.41489972990415175
60,0.6339523809523809,0.677952380952381,0.5595238095238095,0.14934618619047618,0.05527760095238095,0.08601904761904762,0.4303228402291432
61,0.5848,0.791,0.7778,0.20198999999999998,2.0152e-05,0.0315,0.496624997012214
62,0.7411428571428571,0.7525714285714286,0.4575714285714286,0.10161428571428573,1.8942857142857142e-06,0.21075714285714287,0.5494965153879512
63,0.5534285714285715,0.509,0.663,0.4707142857142857,0.002206857142857143,0.037342857142857136,0.6044077525362034
64,0.6380714285714285,0.8087857142857143,0.5822857142857142,0.11905928571428571,1.647857142857143e-06,0.11167857142857142,0.4041633516470383
65,0.6285945945945945,0.6956756756756757,0.5669459459459459,0.22033810810810808,0.04631743,0.07566216216216216,0.49025481130436066
66,0.568,0.703,0.2793333333333333,0.1218,0.0,0.1408,0.5798216889356311
68,0.66212,0.5532,0.36666400000000005,0.25524,0.0172382036,0.15014,0.42007385806821707
70,0.612875,0.688875,0.4885,0.0853489875,0.213179,0.0455,0.48953527977627453
71,0.6437,0.7306,0.5193,0.111066,0.00052495,0.06891,0.4012273824605014
72,0.6693529411764706,0.6810392156862745,0.6567450980392157,0.2662358431372549,0.00039600058823529406,0.05132745098039216,0.4820115368374086
73,0.6774545454545454,0.5806363636363637,0.5246363636363637,0.2885909090909091,1.6394545454545456e-05,0.08728181818181818,0.37504970589321757
76,0.6643333333333333,0.7118333333333333,0.5921666666666666,0.22729999999999997,0.036669016666666665,0.04708333333333333,0.46410673168088845
77,0.57275,0.5840000000000001,0.425,0.25844,0.02606725,0.153075,0.4760708224777111
79,0.7866666666666667,0.6043333333333334,0.5830000000000001,0.16666666666666666,0.08939089333333333,0.278,0.30829170351602647
80,0.63,0.6006363636363636,0.48963636363636365,0.2642454545454545,7.085636363636363e-05,0.0970909090909091,0.3841347480590256
81,0.6425833333333334,0.71225,0.58275,0.13685,0.00045583333333333326,0.21524999999999997,0.3958408027981611
83,0.7293333333333334,0.5673333333333334,0.6344583333333333,0.2620675,0.00140507375,0.1014625,0.38377089458294494
84,0.6942727272727273,0.7400000000000001,0.6152727272727273,0.16696363636363637,0.026371454545454545,0.2380727272727273,0.5308719771754884
85,0.5886129032258064,0.6801612903225807,0.4778387096774193,0.1724778064516129,0.0313125629032258,0.07883870967741935,0.4311643035528822
86,0.6352,0.6,0.47359999999999997,0.24630000000000002,6.924000000000001e-05,0.13394,0.4045868489614456
87,0.4195,0.6375,0.2675,0.12220075,0.180939,0.0354,0.6200835982503525
88,0.7168333333333333,0.8498333333333333,0.642,0.07939666666666666,0.0,0.06048333333333333,0.4590504019568005
89,0.662,0.6265384615384615,0.6523076923076924,0.16984407692307693,0.02691822769230769,0.054834615384615384,0.48650279197103774
90,0.6382857142857142,0.38971428571428574,0.5628571428571428,0.5598571428571428,0.06385562714285715,0.036014285714285714,0.4264279055791353
91,0.7347777777777778,0.4943333333333333,0.5351111111111111,0.2391711111111111,0.0013252222222222222,0.09471111111111112,0.37587874103996194
92,0.6141666666666666,0.5936666666666667,0.7446666666666667,0.06836666666666667,0.02943212666666667,0.03325,0.5260405462469425
93,0.6357115384615385,0.6535,0.5153269230769231,0.22886228846153844,0.003469322884615385,0.06354230769230769,0.4426700188092616
94,0.5546744186046512,0.5387441860465116,0.3777720930232558,0.3854520930232558,0.004896462093023256,0.04244883720930232,0.45488846247702186
95,0.7495,0.6434411764705882,0.49741176470588233,0.17690652941176468,0.0047883714705882355,0.19735588235294116,0.47654078362946395
96,0.484,0.40875000000000006,0.4535,0.39375,0.0,0.03585,0.4821569424193895
97,0.46572727272727277,0.6868181818181818,0.40890909090909094,0.2066390909090909,0.020812894545454548,0.048427272727272735,0.45922052467693886
98,0.5704444444444445,0.7483333333333334,0.5604444444444445,0.17519888888888888,0.02314239,0.04028888888888889,0.4516031795353926
99,0.6811666666666666,0.6275000000000001,0.6361666666666667,0.36728333333333335,0.09902695333333333,0.08385,0.4597983443682227
102,0.7655,0.62425,0.576,0.3548,0.0,0.094225,0.4543481248655496
103,0.71235,0.71025,0.7447,0.28777250000000004,3.728425e-05,0.09848749999999999,0.43989187202715296
104,0.5462142857142858,0.48742857142857143,0.3605642857142857,0.39334857142857144,0.07233821571428571,0.047142857142857146,0.48144712984746924
105,0.6693023255813954,0.6785348837209302,0.6217441860465116,0.16521418604651164,0.0013109769767441861,0.08953023255813954,0.45470155214784286
106,0.6905,0.7796666666666666,0.634,0.09915333333333333,0.017365536666666667,0.1324,0.5223695532662475
107,0.6840294117647059,0.7303823529411764,0.5670294117647059,0.09025320588235294,0.011385605294117647,0.08271470588235294,0.4544696574521005
109,0.4409166666666667,0.5743333333333334,0.22494999999999998,0.2081508333333333,1.2308333333333333e-06,0.03509166666666667,0.46719709826230366
110,0.6706666666666666,0.6301666666666667,0.7645,0.40547666666666665,0.13919974666666665,0.052333333333333336,0.5613272940220378
111,0.5668461538461538,0.6963076923076923,0.5346153846153846,0.24414615384615385,2.0707692307692306e-06,0.03522307692307692,0.4585304505948911
112,0.5555,0.8101666666666666,0.41618333333333335,0.011096666666666666,0.000453495,0.09905000000000001,0.44863697205822595
113,0.664375,0.703625,0.49075,0.129,0.0,0.1129875,0.5274435607237612
115,0.6490972222222222,0.6966666666666668,0.6662361111111111,0.18724431944444445,0.004518418749999999,0.07720416666666667,0.43318787795492025
116,0.6285000000000001,0.68225,0.5395,0.103035,0.0,0.152725,0.483247484284246
118,0.6377142857142858,0.7944285714285714,0.6271428571428571,0.14607857142857142,0.012257714285714285,0.10354285714285714,0.4229373179584715
119,0.5719090909090909,0.7243636363636363,0.6699090909090909,0.06872454545454545,0.008456727272727272,0.04433636363636364,0.4595106115291596
120,0.5127777777777778,0.7580555555555555,0.6011111111111112,0.11666535555555556,0.01953493777777778,0.05727222222222222,0.5541214183086209
121,0.5518799999999999,0.8134666666666667,0.5008306666666666,0.07557957066666667,0.0059016194666666666,0.09866266666666666,0.5160166837966393
122,0.5293333333333333,0.642,0.48866666666666664,0.0356,0.10640332000000001,0.04723333333333333,0.5136960107082248
123,0.7079382716049383,0.7389135802469136,0.5994197530864197,0.11434524691358025,0.0057010371604938265,0.15146666666666667,0.4540498442367601
124,0.7108,0.7097111111111112,0.5581111111111111,0.06190715555555556,0.003839398,0.1131488888888889,0.4742494017788613
126,0.4706666666666666,0.5106666666666667,0.5876666666666667,0.46811111111111114,0.027609566666666665,0.04313333333333333,0.4125999580382065
127,0.7546923076923077,0.7453846153846153,0.621923076923077,0.2251776923076923,0.010090523076923078,0.13745384615384615,0.4975693212301955
128,0.5976,0.603,0.4208,0.25042,4.658e-06,0.03192,0.3286875253961804
129,0.63695,0.7866500000000001,0.68735,0.12645875,0.01902342075,0.05197500000000001,0.4900297583478738
130,0.6739473684210526,0.5712052631578948,0.5194736842105263,0.2022451342105263,0.020940642368421053,0.07860263157894737,0.4077945673874674
131,0.5591851851851852,0.626,0.44764074074074073,0.22237407407407409,0.00013213592592592593,0.06292037037037036,0.44862136917614126
134,0.6874556962025317,0.6982151898734177,0.5569860759493671,0.15622589873417722,0.0017618931645569619,0.11498101265822785,0.43974021541709635
135,0.4944736842105263,0.7716842105263158,0.5318947368421053,0.049073731578947365,0.03763200789473684,0.06189473684210526,0.4441985374316111
136,0.6414444444444444,0.6947777777777778,0.5522555555555555,0.11177666666666666,0.0001317,0.17301111111111112,0.4195548597334098
137,0.5613333333333334,0.7543333333333333,0.4046666666666667,0.006053333333333333,0.0032004900000000003,0.10289999999999999,0.5628630159906302
138,0.5411333333333334,0.5598666666666666,0.35988666666666663,0.35046128000000004,0.109273682,0.04512,0.49201544087769195
140,0.39266666666666666,0.33864999999999995,0.22124999999999997,0.372998,0.4182768333333333,0.03205,0.45022249045900353
141,0.38400000000000006,0.3376666666666667,0.2778,0.6796666666666665,0.11743566666666666,0.03166666666666667,0.6678976344702855
142,0.6340714285714286,0.7780714285714286,0.4415714285714286,0.05357321428571428,0.23826802714285716,0.06667142857142858,0.5552565398365765
143,0.7106,0.6344000000000001,0.29538000000000003,0.17454,1.9639999999999997e-06,0.09372,0.4979826469393121
144,0.5712222222222222,0.34644444444444444,0.42744444444444446,0.6821333333333333,0.012925602222222223,0.0317,0.39182687838781727
145,0.5108846153846154,0.7135769230769231,0.5402692307692308,0.15381705384615385,0.05023796576923077,0.0697653846153846,0.46762687977700995
146,0.5270425531914894,0.8169574468085106,0.49416382978723405,0.07852367872340425,0.004214251063829787,0.08866170212765959,0.5851812683367414
148,0.5970000000000001,0.8013870967741935,0.5539032258064516,0.08334120645161291,0.02557485387096774,0.05284193548387097,0.44420512172047116
149,0.8310000000000001,0.5698000000000001,0.645,0.12344,5.728000000000001e-05,0.1401,0.3722159810693883
150,0.682542372881356,0.7415762711864406,0.5959322033898304,0.09240398305084746,0.0013124774576271185,0.06912881355932203,0.46138696871595697
151,0.4766363636363637,0.3231,0.34893636363636366,0.6446000000000001,0.001181021818181818,0.04578181818181819,0.31639838159784617
152,0.5555599999999999,0.76336,0.46226,0.1045194,0.0066034848,0.060216000000000006,0.4964404713531084
153,0.6024615384615385,0.591,0.4587692307692308,0.39973846153846154,0.0039025,0.043030769230769234,0.4298408107655902
154,0.6644,0.66864,0.49828000000000006,0.1958596,0.0012212064,0.117488,0.5127812701675549
155,0.5026666666666667,0.17476666666666665,0.1174,0.706,0.45166666666666666,0.0394,0.5202691397566747
156,0.6702142857142857,0.5415,0.5574071428571429,0.2369642857142857,0.0005932496428571429,0.07466785714285715,0.4218627820896745
157,0.5026666666666667,0.33866666666666667,0.5293333333333333,0.7126666666666667,0.00012940333333333334,0.0294,0.3039295360566006
158,0.5440666666666666,0.5403333333333333,0.40046666666666664,0.37239999999999995,0.04403708533333333,0.04338,0.40831998788950763
159,0.6108571428571429,0.5277142857142857,0.313,0.2768342857142857,0.0061475900000000005,0.07121428571428572,0.49568563711547187
161,0.6728392857142858,0.7057678571428571,0.5195446428571429,0.13808875,0.0048850798214285715,0.0840267857142857,0.425518338176392
163,0.5390666666666667,0.8433333333333334,0.4268,0.0350344,0.010720146666666668,0.07035333333333332,0.39175490594449885
164,0.7890588235294117,0.6958235294117647,0.48994117647058827,0.07788600000000001,0.008090687058823529,0.16412352941176472,0.3925149283845287
165,0.6054,0.769,0.5913999999999999,0.03192,1.628e-06,0.04624,0.5240337500298778
166,0.6316666666666667,0.6807222222222222,0.6311666666666667,0.16960555555555556,0.01567317777777778,0.04165555555555556,0.4418935392117025
167,0.5983333333333334,0.4495,0.2071666666666667,0.42754999999999993,0.0,0.03538333333333333,0.40374648437188765
168,0.49577777777777776,0.7508888888888889,0.565,0.08561037777777779,4.3253333333333335e-05,0.0418,0.46579848247032796
169,0.597,0.5862222222222222,0.5017777777777778,0.2346666666666667,0.18131370777777778,0.10125555555555556,0.48655828307213445
170,0.7761904761904762,0.7604761904761905,0.6566666666666667,0.1035357142857143,0.009074467619047618,0.2418809523809524,0.3772076892520519
171,0.5384,0.7981,0.4266,0.060094999999999996,0.00020042100000000002,0.05791,0.5590834667877715
172,0.6366363636363637,0.7055454545454546,0.5668181818181819,0.19338454545454545,0.0027977172727272725,0.06083636363636364,0.47110050477285215
173,0.722,0.639125,0.663625,0.22032875,0.0080401225,0.10670625,0.47830195162177014
176,0.6532222222222223,0.6723888888888888,0.4895555555555556,0.18622444444444444,0.0003644890740740741,0.06626666666666667,0.4202078569474654
178,0.7514000000000001,0.6355333333333333,0.43626666666666664,0.12005213333333332,0.0014759513333333335,0.18326,0.5084618081283712
179,0.6618571428571428,0.6071428571428571,0.6028571428571429,0.2095,1.43e-06,0.08954285714285715,0.5919085635066704
180,0.608375,0.756875,0.544125,0.11865625,0.00014878375,0.0631625,0.5423638167172599
181,0.6585000000000001,0.697,0.5485,0.149758,8.182e-05,0.065775,0.35981159021918396
182,0.7055128205128205,0.5908461538461538,0.47782564102564107,0.155454358974359,0.00029442871794871795,0.10436153846153846,0.44374336175254026
183,0.525,0.8173999999999999,0.48769999999999997,0.0281098,0.00015243,0.05014,0.47240839448335203
184,0.5856153846153845,0.5994615384615385,0.40915384615384615,0.3197276923076923,0.008308149230769231,0.03383846153846154,0.4477008757430393
185,0.6885882352941176,0.6561764705882352,0.5075882352941177,0.1616423529411765,0.004503713235294118,0.09400882352941176,0.4551352307062844
186,0.663125,0.6184375,0.502375,0.22014375,0.00028396312499999997,0.06584999999999999,0.35301997932452134
187,0.5158,0.5346,0.27759999999999996,0.42400000000000004,0.0534,0.07676,0.39879054425508514
188,0.548,0.509,0.5923333333333333,0.39766666666666667,3.1666666666666667e-06,0.03423333333333333,0.648871413660954
189,0.37439999999999996,0.5344,0.227,0.5173,0.00011228,0.0405,0.48892607022492046
190,0.7192857142857143,0.647,0.5881428571428572,0.0769,1.6085714285714286e-06,0.2253285714285714,0.4379650275388497
192,0.6922857142857143,0.6102857142857143,0.33241428571428566,0.17568314285714287,0.00145196,0.09888571428571429,0.46350206071863925
193,0.7487999999999999,0.6529999999999999,0.5612,0.236238,0.000284,0.09112,0.5996605875182255
194,0.6646666666666666,0.6124166666666667,0.444475,0.21719104166666667,0.0004016570833333334,0.10209999999999998,0.4498639561472699
196,0.68125,0.714,0.547,0.236625,0.007201,0.038175,0.4360643688600999
197,0.7026666666666667,0.5145000000000001,0.4085666666666667,0.6181666666666666,0.0014044116666666667,0.16458333333333333,0.40521547912135186
199,0.511,0.4366,0.39046000000000003,0.5398,0.17501245999999998,0.1255,0.5098871812032411
200,0.6625714285714286,0.7991428571428572,0.654,0.009837714285714285,0.00015638285714285715,0.06205714285714286,0.46271157792657897
201,0.6194000000000001,0.6975333333333332,0.5718,0.18076742666666668,0.00025126,0.06621333333333333,0.5110655639744723
202,0.644,0.5396666666666666,0.36800000000000005,0.1317,1.3256666666666666e-05,0.042966666666666674,0.49020603771780946
203,0.6952307692307692,0.7,0.573923076923077,0.15373076923076923,0.003192555384615385,0.08230000000000001,0.47321197100100937
205,0.63,0.7561428571428571,0.5664285714285714,0.1825446785714286,0.056465475714285715,0.07402142857142857,0.50632044772399
206,0.79975,0.66875,0.5675,0.34385,3.4425e-05,0.1057,0.33828160479957925
207,0.7432500000000001,0.5935,0.4030833333333333,0.1711135,9.564166666666667e-06,0.22521666666666665,0.5201496283194301
208,0.5773333333333334,0.28500000000000003,0.643,0.664,0.0,0.04253333333333333,0.5041570061588228
209,0.6757142857142857,0.6353809523809524,0.5585714285714286,0.16467095238095236,0.0001134795238095238,0.06365714285714286,0.44290312630537787
210,0.45160869565217393,0.3318260869565217,0.5451826086956522,0.788604347826087,0.17705752565217392,0.04958695652173913,0.5241475457027324
211,0.7296060606060606,0.7072727272727273,0.5447242424242424,0.12944757575757576,0.00017902636363636363,0.15247575757575757,0.40756279239559584
212,0.7388333333333333,0.7876249999999999,0.7017916666666667,0.1536325,3.863958333333333e-05,0.08624583333333334,0.5060111763112396
213,0.40914285714285714,0.5815714285714285,0.4105714285714286,0.05517714285714286,0.014687742857142857,0.038071428571428576,0.40139111312952647
214,0.6509199999999999,0.7262000000000001,0.473452,0.08475654,0.0280163796,0.095162,0.4527895164567248
215,0.7055555555555555,0.6626666666666667,0.5601111111111111,0.055711000000000004,0.00013431444444444442,0.09078888888888889,0.3973064777854796
217,0.5857096774193549,0.7294838709677419,0.5881935483870968,0.24025248387096776,1.2163870967741936e-05,0.0388516129032258,0.4749320905171915
218,0.8164782608695652,0.6733478260869565,0.5942173913043478,0.1498,0.0017631191304347828,0.18755652173913043,0.4787176111014693
219,0.709,0.7685,0.561,0.0349275,0.07391809999999999,0.061625,0.4418337834930802
220,0.6684285714285715,0.48314285714285715,0.4652857142857143,0.3902857142857143,5.985714285714286e-06,0.3790428571428571,0.5793163262867113
221,0.6641666666666667,0.5856666666666667,0.5935,0.32105316666666667,0.03248591666666667,0.05566666666666666,0.5072055437372023
222,0.6216,0.6662,0.5382,0.35264399999999996,0.003670206,0.039439999999999996,0.3711893778234577
223,0.5035813953488372,0.5847441860465116,0.5613023255813954,0.38329697674418606,0.01011189,0.04649069767441861,0.5253436509687931
224,0.554,0.5507333333333333,0.37453333333333333,0.43005866666666664,0.057729138,0.06284666666666666,0.47651281560978714
225,0.6684318181818182,0.7616363636363637,0.5947045454545455,0.0810666,0.007960828636363637,0.08377045454545454,0.45648126821191326
227,0.791,0.63025,0.56175,0.0938205,1.3475e-05,0.152875,0.4407148576618782
228,0.5909583333333334,0.5690416666666667,0.5434166666666667,0.30148375,0.0019091400000000001,0.055502083333333334,0.44329904351013055
231,0.4932954545454546,0.8489090909090908,0.4691272727272727,0.04794523409090909,0.004929364772727273,0.08697045454545455,0.5104094461839997
232,0.634095238095238,0.6715238095238095,0.5159523809523809,0.19847666666666666,0.0066507880952380955,0.10209047619047619,0.42081285988592915
234,0.6948333333333333,0.7555,0.4916666666666667,0.039593333333333335,1.6566666666666665e-06,0.10459999999999998,0.5541795141461704
235,0.5712307692307692,0.7677692307692308,0.5788461538461539,0.06979207692307693,7.976923076923077e-07,0.08517692307692307,0.5418106166606298
236,0.537611111111111,0.7243333333333334,0.529,0.12027827777777778,0.0035428088888888893,0.04126111111111111,0.48713492575683937
237,0.6070444444444445,0.6488,0.6598888888888889,0.22838694444444446,0.02916593733333333,0.05779111111111111,0.45930516050386017
239,0.7197222222222223,0.5735555555555556,0.42366666666666664,0.21740955555555558,0.001783583888888889,0.19472777777777778,0.5000640714094116
240,0.624,0.5426,0.38964,0.15128,0.026600000000000002,0.17044,0.5618065348853885
242,0.5985714285714285,0.5908571428571429,0.4831428571428571,0.24126142857142857,0.00260866,0.03927142857142857,0.5197031677360094
243,0.5753555555555556,0.6575111111111112,0.6214222222222222,0.2278742222222222,0.010756471777777778,0.04471777777777778,0.472117052157447
244,0.5993529411764706,0.6792941176470588,0.5514117647058824,0.2763705882352941,0.002941334117647059,0.03194117647058824,0.4695112263420079
245,0.5769090909090909,0.7100454545454545,0.6136363636363636,0.16637522727272727,0.0013858263636363638,0.0634909090909091,0.49733625303396073
246,0.6890000000000001,0.7146363636363636,0.7173636363636363,0.18241700000000002,0.009559421818181818,0.09403636363636364,0.48519905173106875
247,0.661,0.6192222222222222,0.6566666666666667,0.37444444444444447,0.04369203333333334,0.05363333333333333,0.46004068700485745
248,0.48925,0.3095,0.38075,0.6635,0.00034149999999999995,0.033575,0.33302758323971604
249,0.5748,0.7596,0.7452,0.18008408,0.16208326,0.05828,0.45822836245428683
250,0.6541818181818182,0.6928181818181818,0.5083636363636365,0.11336636363636364,0.00018903636363636363,0.13470000000000001,0.49888365452937483
252,0.6091785714285713,0.6822857142857143,0.5707857142857142,0.2808535714285714,0.00035142714285714286,0.03345,0.5121867519864508
253,0.7621739130434783,0.6235652173913043,0.4430130434782608,0.09387521739130436,4.4538260869565214e-05,0.1922695652173913,0.47212213861040414
254,0.6515882352941177,0.8015294117647058,0.6091764705882353,0.033285964705882354,0.03490818647058823,0.06775294117647059,0.47693394110757575
256,0.5795,0.7350909090909091,0.5526363636363636,0.13370797727272726,0.06376542954545455,0.06717727272727272,0.39374129467826435
257,0.7766363636363636,0.7377272727272728,0.4767272727272727,0.0808221818181818,0.00011000727272727271,0.16324545454545455,0.46999122134170057
258,0.6579999999999999,0.5321818181818182,0.4426363636363636,0.17789090909090907,0.0016144954545454545,0.1559090909090909,0.3725638679985311
260,0.5275555555555556,0.6352222222222222,0.39366666666666666,0.3196411111111111,1.6363333333333333e-05,0.03286666666666667,0.5431409730355639
261,0.6769999999999999,0.692,0.3564,0.147342,0.024918739999999998,0.1131,0.43985467409231055
262,0.693125,0.761609375,0.652046875,0.1171608265625,0.001385786875,0.0795015625,0.4829159334142027
263,0.5856250000000001,0.5543750000000001,0.419125,0.3893625,9.70875e-06,0.1103625,0.459001601453259
264,0.6182000000000001,0.7034,0.45362,0.038301,0.027494008000000004,0.10547,0.44881026364223053
265,0.6771,0.5354,0.5198,0.3488852,0.004922762,0.07619000000000001,0.4849182541769247
267,0.6606363636363637,0.6988181818181819,0.5271818181818181,0.18207727272727273,0.00047559454545454544,0.09330909090909091,0.3835893413181459
268,0.6709333333333334,0.7074666666666667,0.5139333333333334,0.10884266666666667,4.3646666666666665e-06,0.06758,0.491290404825075
269,0.6616666666666666,0.7056666666666667,0.651,0.055850000000000004,0.26133333333333336,0.03403333333333333,0.46910828532957266
270,0.6910526315789474,0.6367368421052632,0.8799999999999999,0.3743863157894737,1.2807894736842106e-05,0.06175263157894737,0.5284563022154904
271,0.5318333333333334,0.7906666666666666,0.3996666666666666,0.11554333333333333,4.503333333333333e-06,0.056350000000000004,0.4495761327692393
272,0.6346666666666666,0.64,0.5753333333333334,0.27531666666666665,0.010191733333333333,0.048916666666666664,0.4586251404259387
273,0.5495,0.87375,0.3555,0.00250185,2.675e-05,0.064625,0.5167316012142362
274,0.5519615384615385,0.8099615384615385,0.6086538461538462,0.11154961538461539,0.015219113076923075,0.05351538461538462,0.4923149549258018
275,0.616,0.7438571428571429,0.491,0.14797885714285713,0.007270822857142857,0.0794142857142857,0.45436882595378664
276,0.7406666666666667,0.6193333333333334,0.2841,0.12316666666666666,0.0,0.07273333333333333,0.33787078423405115
277,0.59575,0.7512500000000001,0.5035833333333334,0.04652808333333333,0.02402058333333333,0.11050833333333332,0.45107500537801465
279,0.6210263157894736,0.6438947368421053,0.4223421052631579,0.19818789473684212,0.0003483639473684211,0.08061052631578948,0.4735747632101023
280,0.46349999999999997,0.6873,0.5185,0.224866,0.06191523699999999,0.05032,0.5204029925663886
283,0.5249583333333333,0.4271416666666667,0.3332375,0.5578829166666667,0.09780462499999999,0.03660416666666667,0.4384971735545091
284,0.6961999999999999,0.58415,0.41769999999999996,0.097042,6.075e-05,0.16247499999999998,0.40503232784377463
285,0.759125,0.6329166666666667,0.490375,0.20470758333333336,0.0013480333333333334,0.21651666666666666,0.5034518886790799
287,0.7766666666666667,0.32633333333333336,0.44166666666666665,0.5419999999999999,5.1976666666666667e-05,0.18986666666666666,0.4004310379169953
288,0.7322500000000001,0.8505,0.7090000000000001,0.15375,0.0,0.0592,0.4913667925520472
290,0.6369999999999999,0.682,0.5704285714285715,0.16935714285714284,0.0,0.23457142857142857,0.484637658395337
291,0.61232,0.6764,0.5688,0.266568,0.0002821724,0.03864,0.45563042283146493
293,0.5035000000000001,0.4459000000000001,0.4587,0.46996000000000004,2.313e-06,0.04612,0.5887898271864618
294,0.7419230769230769,0.5791153846153846,0.39174230769230767,0.13009615384615383,0.0010411657692307693,0.1526,0.47038966244454206
295,0.47816666666666663,0.49099999999999994,0.5688333333333333,0.4913333333333334,0.059007079999999996,0.03531666666666667,0.4462557066711284
298,0.549625,0.55725,0.310625,0.31103749999999997,0.004268485,0.0498625,0.42750959079283885
299,0.68525,0.705375,0.650375,0.1898925,0.00019638875,0.130025,0.3963604285680139
302,0.4872222222222222,0.5521111111111111,0.3717037037037037,0.3497644074074074,0.02992314518518519,0.03796666666666666,0.5123608023732316
303,0.5528181818181818,0.7014545454545454,0.47118181818181815,0.28778363636363635,0.08285068181818182,0.043945454545454544,0.5224426182131084
304,0.7733333333333334,0.727,0.586,0.17045999999999997,0.002859693333333333,0.10166666666666667,0.5629486658539888
305,0.5579999999999999,0.9373333333333332,0.595,0.020333333333333335,1.4366666666666666e-05,0.10543333333333334,0.4022854570515731
306,0.716,0.645,0.4931,0.34253999999999996,0.0,0.11721,0.43642350072901975
307,0.444875,0.673625,0.3902375,0.1776383875,0.018007675,0.035500000000000004,0.49113001051700644
308,0.7936666666666666,0.526,0.5166666666666667,0.14113333333333333,0.0011439999999999998,0.1838666666666667,0.5171598505310292
309,0.6167,0.8388,0.66075,0.11821485000000001,0.006556514000000001,0.088445,0.4798506704591629
310,0.7886666666666667,0.7200000000000001,0.6036666666666667,0.05791666666666667,0.0006931666666666666,0.21960000000000002,0.4683922126347491
311,0.72725,0.71275,0.963,0.387,0.0,0.045475,0.5360999235126801
312,0.65125,0.827,0.8242499999999999,0.118175,1.73e-06,0.038775,0.5430151540502426
314,0.7246153846153847,0.6530769230769231,0.4166923076923077,0.07829769230769232,1.0638461538461538e-05,0.1571,0.5661344117555127
315,0.5482941176470588,0.6977058823529412,0.5912941176470587,0.10164158823529412,0.028551076470588233,0.06724705882352941,0.4609127299364902
316,0.6771666666666666,0.6426666666666666,0.47633333333333333,0.05478166666666667,0.00036316666666666675,0.12883333333333333,0.48161714909450165
317,0.6486666666666667,0.6486666666666666,0.5366666666666666,0.05726666666666667,0.0007466666666666666,0.297,0.39368262542725335
319,0.57388,0.48328000000000004,0.404852,0.4594476,0.006756126400000001,0.041156,0.46847694624375547
320,0.7717777777777778,0.6406666666666667,0.531,0.08830222222222223,0.00154344,0.0879111111111111,0.4067133558014835
321,0.7493333333333333,0.6223333333333333,0.5808333333333334,0.19693333333333332,1.2066666666666666e-05,0.05053333333333334,0.38667825927607935
322,0.65225,0.8205,0.52325,0.03344,0.364523075,0.04005,0.4689076057078662
323,0.5335833333333333,0.7842083333333334,0.5104583333333333,0.0240408,0.0029892491666666664,0.054595833333333336,0.45932876401271594
324,0.4154,0.5638,0.20418000000000003,0.21708600000000003,8.54e-07,0.03004,0.4807992924922915
326,0.557,0.7579818181818182,0.5937636363636364,0.09767401272727273,0.027756497636363637,0.06472,0.45304145743111246
327,0.5522857142857143,0.5655714285714285,0.7332857142857143,0.4463142857142857,5.534285714285714e-06,0.0633857142857143,0.4894881154412191
328,0.6477631578947368,0.6339473684210526,0.6533947368421053,0.2863881578947368,0.000799432894736842,0.03542105263157895,0.4439785420359465
329,0.635,0.6398333333333334,0.42283333333333334,0.24623333333333333,5.2833333333333335e-05,0.1297,0.5541625833592274
330,0.6012105263157895,0.7247894736842105,0.3978736842105263,0.10774794736842104,0.05267691157894737,0.07468947368421053,0.4900821232276139
331,0.638175,0.6984250000000001,0.6554249999999999,0.19441855,0.02200574275,0.0505925,0.4744976037956832
332,0.7074444444444444,0.6153333333333334,0.7574444444444445,0.4116,2.0572222222222224e-05,0.03891111111111111,0.4699362340087057
334,0.5149722222222223,0.7839722222222222,0.53225,0.10417660277777778,0.02360125111111111,0.051602777777777775,0.4233000493980607
335,0.8049666666666667,0.5707666666666668,0.4209633333333333,0.1917084,0.0007733629999999999,0.17208666666666667,0.47773920214164495
336,0.6103333333333333,0.5579999999999999,0.6393333333333334,0.285,0.0,0.0311,0.5759535020834827
337,0.708,0.6152500000000001,0.4215,0.05595,2.7075e-05,0.043225,0.4158983077180486
338,0.5404,0.66315,0.4516,0.162283125,0.009227568,0.0448275,0.4821579881444654
339,0.40925,0.4585,0.1565,0.215035,0.0,0.030449999999999998,0.6140393073117096
341,0.6656666666666666,0.5875833333333333,0.5075958333333334,0.26365655833333335,0.04257015166666667,0.10709166666666665,0.391519717395288
342,0.654,0.6438333333333334,0.54045,0.202583,0.018216685333333333,0.09817000000000001,0.4927647775892153
343,0.5443125,0.7218125,0.659,0.139224375,0.026410408125,0.0494625,0.4871476653440734
346,0.674,0.6709999999999999,0.5363333333333333,0.476,0.0,0.049966666666666666,0.40117200882791143
348,0.6295897435897435,0.6082820512820513,0.4443846153846154,0.264089282051282,0.011731650512820513,0.06836666666666667,0.42147363118035014
349,0.7176666666666667,0.7673333333333333,0.5981666666666666,0.04966166666666666,0.002221265,0.05938333333333334,0.48639461879835233
350,0.7402727272727273,0.6939090909090909,0.5967272727272728,0.22694545454545453,0.00029140909090909087,0.09344545454545455,0.5101492371910901
351,0.6383333333333333,0.6975555555555556,0.35506666666666664,0.06820555555555556,0.09753415444444444,0.08187777777777777,0.4252097425723641
354,0.5113684210526316,0.7419473684210526,0.5194736842105263,0.13900614210526316,0.05004594736842106,0.07473684210526316,0.46642829376666084
355,0.70475,0.71840625,0.63846875,0.1321484375,0.0008486009375,0.107809375,0.4719030478404283
356,0.7463333333333333,0.5216666666666666,0.399,0.05923333333333333,0.0339,0.17906666666666668,0.4456183123391575
357,0.6536666666666666,0.45120000000000005,0.40705555555555556,0.28099555555555555,0.08435853333333332,0.1360888888888889,0.42722284633750557
358,0.6411578947368421,0.6671842105263158,0.49186842105263157,0.2098213157894737,0.0003202555263157895,0.07965263157894736,0.45357924174396114
359,0.6773333333333333,0.6834166666666667,0.6130666666666666,0.13944854166666668,9.230208333333333e-05,0.08620833333333333,0.4749265004660946
360,0.681075,0.6742250000000001,0.47815,0.1297623,0.004070369,0.09725,0.45467782704304793
361,0.63,0.7932142857142858,0.4213571428571429,0.09063557142857144,0.027026655714285714,0.06001428571428572,0.46580265588559683
362,0.6235079365079365,0.5884761904761905,0.4748142857142857,0.2834546031746032,0.0008321182539682539,0.07746666666666667,0.4670808591620313
363,0.5136590909090909,0.7468181818181818,0.5166818181818182,0.15985413636363635,0.029758453636363636,0.05495681818181818,0.46556400163404726
364,0.6555625,0.736875,0.5446875,0.099201875,0.00045790375,0.1364,0.5246604381289289
365,0.5872647058823529,0.7341470588235294,0.5731470588235295,0.1558084117647059,0.049113796470588236,0.04320294117647059,0.4484756316179458
366,0.464,0.59625,0.43425,0.280725,0.0086275,0.041075,0.5859526256662763
367,0.567304347826087,0.751304347826087,0.5034565217391304,0.10388001739130434,0.004561941304347826,0.05670434782608696,0.5224951701790904
368,0.6845714285714285,0.6097142857142857,0.6162857142857143,0.16727142857142857,0.0049169999999999995,0.17814285714285713,0.41704113583669955
369,0.6424444444444445,0.7453333333333334,0.8594444444444445,0.5335555555555556,0.0031248722222222223,0.05204444444444445,0.41933841124151133
370,0.49507142857142855,0.4080142857142857,0.6081214285714286,0.6527857142857142,0.04288785357142857,0.04215714285714286,0.4938101612038558
373,0.5506666666666666,0.517125,0.35674999999999996,0.3939683333333333,0.013844856666666667,0.07514583333333334,0.41528132992327366
374,0.5508888888888889,0.6392222222222222,0.5960888888888889,0.22818844444444444,0.02439405,0.049568888888888885,0.4952815556670995
375,0.5052777777777778,0.6250555555555555,0.4335555555555556,0.19504972222222222,0.006767427777777777,0.036561111111111114,0.4768346997474324
376,0.6204999999999999,0.6704166666666667,0.443,0.18640500000000002,0.004405020833333334,0.09023750000000001,0.4948485590904383
378,0.5753478260869566,0.735695652173913,0.6558260869565217,0.2486695652173913,1.4630434782608694e-06,0.042739130434782606,0.5185798715719703
380,0.6949473684210526,0.7184561403508771,0.6138070175438597,0.11804373684210527,7.301017543859649e-05,0.10181929824561403,0.471794566968129
381,0.4623333333333333,0.6305,0.422,0.29451666666666665,0.00023633333333333332,0.08398333333333334,0.518471488554788
382,0.82625,0.7152499999999999,0.8095,0.02301,0.0018347749999999999,0.15157500000000002,0.416513791619858
383,0.5963333333333333,0.7181666666666667,0.6141666666666666,0.16163333333333332,2.2000000000000003e-05,0.0365,0.4561313351021026
384,0.5286,0.5769,0.4044,0.272661,0.06117236,0.08023,0.5410695078519014
385,0.6111428571428571,0.4496428571428571,0.44705,0.4171142857142857,0.0004905542857142857,0.03501428571428571,0.43999160005326793
386,0.611375,0.475625,0.51075,0.44494999999999996,2.182e-05,0.042075,0.5074672239883357
388,0.7074444444444444,0.8,0.6642222222222222,0.06435555555555555,0.09202404333333332,0.14472222222222222,0.44640907968225885
389,0.6726590909090909,0.6131136363636364,0.46173409090909084,0.21027465909090906,0.0017639609090909089,0.11700454545454546,0.45309692160267007
392,0.6452631578947369,0.6925263157894737,0.5382368421052631,0.1470321052631579,0.006757373157894738,0.06816842105263157,0.422402167308464
393,0.6073888888888889,0.768,0.6641666666666667,0.22529444444444444,0.00017076666666666668,0.05288888888888889,0.5678937835461965
394,0.6161666666666666,0.4603333333333333,0.3333333333333333,0.39176666666666665,9.2e-06,0.08071666666666666,0.4233334130076248
395,0.6122222222222222,0.5966666666666667,0.6112222222222222,0.41583333333333333,0.012651977777777776,0.04585,0.435071759978541
396,0.6646410256410257,0.7405128205128205,0.5885256410256411,0.10767820512820513,0.003395637435897436,0.0936051282051282,0.43624723668106313
400,0.6813333333333333,0.612,0.5605,0.21085833333333334,7.978333333333333e-06,0.0961,0.445421118467704
401,0.6988888888888889,0.6955,0.5246666666666666,0.11728333333333334,0.00015529777777777777,0.1578388888888889,0.3951270539368395
403,0.7430243902439024,0.6031219512195123,0.42631463414634146,0.16951834146341463,0.0008745070731707317,0.13887317073170732,0.4934684084632752
404,0.4672105263157895,0.864,0.5505263157894738,0.04272807894736842,0.0001030421052631579,0.06957368421052632,0.521575588468027
405,0.679088888888889,0.5230666666666667,0.47145333333333334,0.326618,7.3266e-05,0.09917333333333332,0.40534003659705786
406,0.48844067796610174,0.7662881355932203,0.5091525423728813,0.09707828305084745,0.032779392033898305,0.05961016949152542,0.4814157689467153
409,0.824,0.7301666666666667,0.789,0.1606658333333333,4.975e-06,0.18225833333333333,0.431290882870824
410,0.36516666666666664,0.9496666666666668,0.3223333333333333,0.00016455,0.001463375,0.09153333333333334,0.5524515779493431
411,0.6519230769230769,0.5985384615384615,0.44517307692307695,0.24562346153846154,0.0006271634615384616,0.10565192307692307,0.4471374482653374
412,0.5687659574468085,0.6934255319148936,0.5043191489361702,0.1796149787234043,0.0032348263829787235,0.042651063829787235,0.4706436682586268
413,0.634625,0.737625,0.5700000000000001,0.07490625000000001,0.0005477,0.099675,0.42573036427086064
414,0.521,0.8562857142857142,0.5162857142857142,0.022027414285714284,7.685714285714286e-07,0.07225714285714287,0.5492583461665852
415,0.49400000000000005,0.9262,0.5726,0.025378,6.64e-07,0.06814,0.6901474771135596
416,0.6981428571428572,0.6785714285714286,0.6725714285714286,0.1642235714285714,0.02612552380952381,0.06351904761904763,0.4503575099279858
419,0.5982307692307692,0.7346153846153847,0.5761538461538461,0.22950584615384617,0.045299384615384616,0.08026153846153847,0.44765904674000373
422,0.7797222222222222,0.6767777777777778,0.6707222222222222,0.13020805555555554,0.0001282561111111111,0.2171611111111111,0.3901298159789447
423,0.7702,0.5556,0.375,0.11324000000000001,4.1156e-05,0.1986,0.6821151134163539
424,0.441,0.6075,0.160225,0.08942,1.0675e-06,0.0295,0.4333245691612687
426,0.6262000000000001,0.663625,0.4884225,0.22811765,0.0038408245000000002,0.06568500000000001,0.40946784544780934
427,0.6721666666666667,0.7413888888888889,0.5958305555555555,0.12128197222222223,0.04968073694444444,0.10584444444444445,0.47244431430976824
428,0.6332173913043478,0.5968260869565217,0.5010434782608695,0.2285417391304348,8.068391304347825e-05,0.07643043478260869,0.40173795610500795
431,0.5877272727272728,0.60775,0.4153659090909091,0.2429318181818182,0.00021836818181818183,0.04715227272727273,0.46965523123290165
432,0.6288333333333332,0.6388333333333334,0.6047222222222222,0.2559432222222222,0.043267221111111115,0.07712777777777778,0.4119057957735444
433,0.4737777777777778,0.4325555555555556,0.2374,0.5161111111111111,0.0001275222222222222,0.04033333333333333,0.4879572308403248
434,0.6483636363636364,0.6354545454545455,0.45292272727272725,0.22167272727272724,0.002792728181818182,0.1534318181818182,0.4842755542614519
435,0.6126363636363636,0.6451818181818182,0.5779090909090909,0.24779545454545457,0.08836018181818182,0.04244545454545454,0.4365133516004754
436,0.48988235294117644,0.9105,0.5078529411764706,0.009415032352941177,0.0013000464705882353,0.09446470588235295,0.5352966484774946
437,0.6029464285714285,0.6388392857142857,0.44854107142857147,0.25652017857142856,0.0004295403571428572,0.07404642857142858,0.4472819044318255
438,0.578,0.6996666666666668,0.363,0.18289999999999998,8.766666666666667e-06,0.05823333333333333,0.5029838022165388
439,0.735945945945946,0.6944324324324324,0.5744054054054054,0.09037351351351351,0.006149770000000001,0.1731135135135135,0.47914638471442256
441,0.5452121212121213,0.4501212121212121,0.35308181818181816,0.48613515151515146,0.046892970000000006,0.04489090909090909,0.4596000640291579
442,0.6673157894736842,0.6833421052631579,0.49044736842105263,0.15501921052631581,0.00015790289473684212,0.1151263157894737,0.4647018252541505
443,0.48877777777777776,0.6067666666666667,0.41733333333333333,0.25902945555555557,0.2561800444444444,0.04483333333333333,0.4565921180879232
444,0.67425,0.6005,0.37374999999999997,0.12124750000000001,0.000121575,0.20702500000000001,0.4568324688672706
445,0.503,0.7182222222222223,0.5634444444444444,0.14388444444444445,0.00902736,0.036955555555555554,0.4295008671218724
446,0.6074761904761905,0.6457619047619048,0.6621904761904762,0.27399142857142855,0.04305740380952381,0.049504761904761906,0.44029208595262564
448,0.7146666666666667,0.5091666666666667,0.32503333333333334,0.20650166666666667,0.045967,0.13028333333333333,0.6257369871963413
450,0.6934137931034482,0.7730344827586206,0.6153793103448276,0.0771062724137931,0.000506234827586207,0.06997931034482759,0.45464540956569544
452,0.6611666666666667,0.6645833333333333,0.5308333333333334,0.13558770833333333,0.0007255458333333334,0.131,0.47636088669519
453,0.5455714285714285,0.6071228571428572,0.4423228571428572,0.25190208571428574,0.0008952251428571428,0.047754285714285714,0.4312966308018534
454,0.7374166666666667,0.6920416666666666,0.5126041666666666,0.18767749999999997,0.00031477062499999997,0.17376666666666665,0.4733952601763989
455,0.6736666666666666,0.6760833333333333,0.5164166666666666,0.10417833333333333,0.027885225833333332,0.09753333333333335,0.3608856992614193
456,0.5745116279069767,0.7004883720930232,0.5689069767441861,0.19515706976744188,0.0009503209302325581,0.0392093023255814,0.4644657755375096
457,0.689625,0.68375,0.4166625,0.1587,0.0006558237500000001,0.1151625,0.45770116762674184
458,0.6405555555555555,0.5910555555555556,0.5222222222222223,0.23707555555555557,0.008403590555555555,0.09573888888888889,0.41039663190211745
459,0.63325,0.64425,0.3185,0.19797499999999998,0.00033130750000000004,0.064675,0.5042680522025957
460,0.5106333333333333,0.5199,0.31949,0.3589289666666666,0.024972498,0.05533333333333334,0.45361322911936
462,0.783625,0.53425,0.301775,0.09001275,0.019371945,0.1205,0.5007872815928484
464,0.6764,0.6096,0.47240000000000004,0.34892,0.000870332,0.0486,0.4760068838587852
465,0.64,0.8456666666666667,0.8263333333333334,0.06959666666666667,1.3733333333333333e-05,0.07396666666666667,0.5336105998677406
466,0.48319999999999996,0.3307,0.2673,0.4568,0.36358300000000005,0.034839999999999996,0.29941797930061903
468,0.6273333333333333,0.5915555555555555,0.35344444444444445,0.20228888888888888,0.08727383333333333,0.09558888888888889,0.4480038934170444
469,0.5766666666666667,0.7526666666666667,0.637,0.04055386666666667,0.0007646666666666666,0.058666666666666666,0.3863725091824621
470,0.4839333333333334,0.35644000000000003,0.5446799999999999,0.6780066666666666,0.04186403466666666,0.03884,0.4057994916780202
471,0.6823157894736842,0.6082631578947368,0.49624473684210524,0.22824842105263157,0.009203431578947369,0.11300263157894737,0.46651289528407863
472,0.6777,0.6206,0.5616,0.1455951,0.055070140999999996,0.06981,0.3613822692831704
473,0.7115714285714285,0.4557142857142857,0.39089999999999997,0.32175714285714285,0.003151102857142857,0.16988571428571428,0.4158477287705004
475,0.4837931034482759,0.4165862068965517,0.26078620689655174,0.5329206896551724,0.04439856448275862,0.04631724137931034,0.44563568957687183
476,0.5394375,0.5160625,0.30046875,0.40416725,0.023753578437500002,0.040403125,0.4620144100915457
478,0.6564705882352941,0.71,0.5305294117647059,0.11146835294117648,0.00031024823529411763,0.08953529411764706,0.5848545264605352
479,0.593,0.6846842105263158,0.6440526315789473,0.20116947368421054,0.0014510989473684212,0.03928421052631579,0.5199621840652255
480,0.5978571428571429,0.7243809523809523,0.5476428571428572,0.16159904761904761,0.0030337302380952385,0.07092380952380953,0.5037088382691556
483,0.6078,0.5825714285714286,0.4552542857142857,0.2153665714285714,0.020942028285714287,0.07665142857142856,0.42114259763230766
484,0.663,0.6376363636363637,0.5347272727272727,0.34010636363636365,7.305454545454545e-06,0.0648909090909091,0.3740838361867594
485,0.5360526315789474,0.7483157894736842,0.5817894736842105,0.07871978947368422,0.015138354736842104,0.0450578947368421,0.3931485980050396
487,0.657888888888889,0.6773333333333333,0.48044444444444445,0.1828688888888889,0.0005671811111111111,0.09832222222222223,0.5053395054351145
488,0.5114444444444444,0.5621111111111111,0.6456666666666666,0.3853533333333334,0.039235075555555554,0.04764444444444445,0.5875009627310221
489,0.6532432432432433,0.6197837837837837,0.4705945945945946,0.28651343243243244,5.413054054054054e-05,0.06697567567567568,0.41559956950042276
490,0.596,0.7173999999999999,0.5168,0.188,4.0499999999999995e-05,0.03484,0.3681382508306045
491,0.549939393939394,0.7753030303030304,0.5071818181818183,0.07460834848484849,0.00021569363636363636,0.07178181818181817,0.5255596937899684
492,0.7435,0.8403333333333333,0.4816666666666667,0.16993333333333335,5.083333333333334e-07,0.16635,0.45270633649640274
493,0.4936,0.8427,0.4603,0.0356307,0.1770977,0.06402,0.5614264885149509
494,0.6216666666666667,0.29233333333333333,0.27366666666666667,0.7723333333333334,0.00044783333333333334,0.0315,0.5569511835616002
495,0.7375,0.5994999999999999,0.520725,0.27652499999999997,0.0,0.07755,0.42153775366302554
496,0.551,0.5764545454545454,0.6395454545454545,0.3594372727272727,0.004002153636363636,0.08006363636363635,0.47758725964620263
498,0.4711785714285714,0.7173928571428572,0.4908928571428572,0.04845870357142857,0.06630764714285714,0.06437142857142857,0.5099582905084016
499,0.6403076923076924,0.616897435897436,0.5422435897435898,0.30892441025641026,0.00522405717948718,0.05164358974358974,0.4603537661118271
500,0.5754375,0.6090625,0.571125,0.15003375,0.06148025687500001,0.06605,0.394034437220642
502,0.6109090909090908,0.7009090909090909,0.4253636363636364,0.18490363636363635,1.8936363636363636e-06,0.08315454545454545,0.5235290858244225
503,0.349,0.129282,0.10638,0.9349999999999999,0.914,0.04506,0.41595238664340173
504,0.71965,0.61805,0.7021,0.21603475,0.04140798,0.1084375,0.4470122140688863
505,0.5655625,0.7389375,0.480125,0.10951664375,0.114428696875,0.0413375,0.4074395122738246
506,0.6939090909090909,0.7644545454545455,0.7759090909090909,0.21378181818181818,1.7457272727272727e-05,0.1032090909090909,0.4900284002633597
507,0.6666000000000001,0.3846,0.23186,0.26962,6.371400000000001e-05,0.17132,0.4030487367641083
508,0.7773333333333333,0.6016666666666667,0.5556666666666666,0.029099999999999997,0.0002956666666666667,0.15153333333333333,0.35945056608584114
509,0.5618666666666666,0.6598444444444445,0.4277688888888889,0.20467626666666663,0.0017067088888888886,0.044108888888888885,0.5045432936820943
510,0.625,0.4542727272727273,0.24465454545454543,0.3412909090909091,9.497272727272727e-05,0.09453636363636364,0.4619725471363973
511,0.6606363636363637,0.4731818181818182,0.2917181818181818,0.2919818181818182,4.62790909090909e-05,0.13771818181818182,0.5198568252981809
512,0.4921666666666667,0.2849,0.20928333333333335,0.664,0.062315555,0.037783333333333335,0.33250372477312745
513,0.6742727272727272,0.7059090909090909,0.5663636363636363,0.11298272727272728,3.1754545454545455e-06,0.08851818181818182,0.4991275665081148
514,0.447,0.7566666666666667,0.48866666666666664,0.14828433333333332,0.16082958333333333,0.04716666666666666,0.5686523491964848
516,0.6798947368421052,0.5931578947368421,0.5425394736842105,0.22866131578947368,0.017861097105263155,0.09460263157894737,0.43185850978043855
517,0.749,0.7593333333333333,0.5883333333333334,0.08759533333333334,0.0,0.1461,0.46388364366469864
519,0.7373333333333334,0.5890000000000001,0.5479999999999999,0.17733333333333334,0.00786842,0.1388,0.4564062114077651
520,0.4673,0.39039999999999997,0.27528,0.50122,0.056669566000000005,0.06505999999999999,0.5015739656285106
521,0.5765555555555556,0.61075,0.4225,0.2817634,0.0001421172222222222,0.06900833333333334,0.498947137435497
522,0.5986666666666667,0.7934444444444444,0.4077777777777778,0.023954444444444445,0.13022111111111112,0.04941111111111111,0.4578629230372902
523,0.7938181818181818,0.7128181818181818,0.5400363636363636,0.1394429090909091,0.00012318181818181818,0.23410909090909093,0.4331567099153206
526,0.6760392156862746,0.7340588235294118,0.5678235294117647,0.12558485098039215,0.004463745490196079,0.14542549019607845,0.4475788857503467
527,0.5211875,0.553375,0.560125,0.349914375,0.084937921875,0.04475,0.4684467397279919
528,0.7523636363636363,0.6096666666666667,0.4512969696969697,0.23039854545454544,0.000967630909090909,0.19447575757575758,0.4764681980065492
529,0.6565333333333334,0.6393333333333333,0.5912666666666666,0.21619733333333332,0.00604634,0.06311333333333333,0.4441706304626685
530,0.5756,0.7586,0.2744,0.12732000000000002,0.000104626,0.08388,0.5319513827473289
532,0.49504761904761907,0.3246142857142857,0.28090000000000004,0.7579619047619047,0.20351327142857145,0.0379,0.47014149015965584
533,0.45830000000000004,0.7969999999999999,0.3553,0.036592,1.1029999999999999e-06,0.040999999999999995,0.48924815354829454
536,0.7098,0.5375,0.4835,0.33843199999999996,0.02461862,0.04544,0.3985963381695628
537,0.829,0.5022857142857143,0.682,0.2222957142857143,0.00018792285714285716,0.1450142857142857,0.3587554078925353
540,0.7132499999999999,0.76525,0.593625,0.12813750000000002,2.05e-07,0.0550375,0.34637252910103494
541,0.6251666666666666,0.7016666666666667,0.6745,0.21195666666666665,0.00020075833333333334,0.09899166666666666,0.4852577662515635
542,0.7756842105263158,0.6764736842105263,0.5746842105263158,0.13847115789473682,0.017828176315789472,0.1477421052631579,0.47938930913583166
543,0.529074074074074,0.686037037037037,0.5956296296296296,0.19903875925925926,0.01596449111111111,0.04753703703703704,0.49570201460872393
544,0.598125,0.687375,0.489375,0.15525125,3.88875e-06,0.10376250000000001,0.5732575232449745
545,0.7200000000000001,0.7766666666666667,0.6023333333333333,0.40599999999999997,7.715e-05,0.0694,0.6195074535299695
546,0.7644705882352941,0.6371764705882353,0.47235294117647053,0.13946952941176471,0.0012920017647058823,0.165,0.5454811319560928
547,0.6105,0.52925,0.45325000000000004,0.348525,0.040954375,0.034075,0.5629646007122882
548,0.44049999999999995,0.6298333333333334,0.38133333333333336,0.24452166666666666,0.007915428333333334,0.03666666666666667,0.5492914963628686
549,0.6298,0.6900000000000001,0.5288,0.11308,0.0,0.19232,0.61850754117169
551,0.46923076923076923,0.5506153846153846,0.45676923076923076,0.24123085384615386,0.03893875384615385,0.05426923076923077,0.5152763196360968
552,0.5966,0.7584,0.6334857142857143,0.16651648571428573,0.004012743142857143,0.04014,0.4954454191266104
553,0.757,0.586,0.6795,0.13324,0.0063071525000000005,0.08375,0.22309498769032196
554,0.6953750000000001,0.54975,0.334125,0.1826875,0.0,0.173625,0.45274816549943825
555,0.5627826086956521,0.514695652173913,0.5221739130434783,0.36516695652173914,0.015447402608695654,0.04702173913043478,0.4505711087855455
556,0.7030000000000001,0.6772857142857143,0.5425714285714286,0.05902857142857143,6.165714285714284e-06,0.27975714285714287,0.5175476935999918
557,0.5707692307692308,0.783076923076923,0.6296923076923077,0.14140374615384615,5.633461538461538e-05,0.03856153846153846,0.5303421152788937
558,0.7035,0.599,0.3615714285714286,0.16281642857142858,0.0016748707142857143,0.15373571428571428,0.510868711564268
559,0.7657297297297297,0.5954864864864865,0.45103513513513516,0.16008675675675677,3.9028918918918917e-05,0.14003513513513513,0.49802289322331383
560,0.70775,0.67605,0.5028,0.11764285000000001,0.00074516725,0.1229725,0.4476020030116882
561,0.767375,0.663125,0.45225000000000004,0.093773,2.925e-07,0.173425,0.3715468664101154
562,0.5826666666666667,0.8054074074074073,0.7414444444444444,0.14884851851851852,5.6030000000000004e-05,0.044192592592592596,0.5429103602251772
563,0.619875,0.714,0.38487499999999997,0.07268375,0.0011085350000000001,0.0749875,0.4306594641107154
565,0.5770740740740741,0.7636481481481482,0.5942962962962963,0.11941837222222222,0.0068717187037037036,0.04110925925925926,0.478519479036366
567,0.6066666666666667,0.7420666666666667,0.5728666666666666,0.16734333333333332,0.0016185353333333333,0.03793333333333333,0.41343308554628677
569,0.437,0.3518,0.22488000000000002,0.6728,0.12380738,0.0388,0.3972835050314315
570,0.734,0.6757142857142858,0.5127142857142857,0.21225714285714287,9.828571428571427e-06,0.0766,0.44504010462372673
572,0.6561607142857142,0.6714285714285715,0.45996964285714287,0.18788142857142856,0.004144403392857143,0.11673928571428571,0.4604035132947937
573,0.5065999999999999,0.5833,0.34956,0.30366,4.9543e-05,0.06345,0.3905556086717499
574,0.6477999999999999,0.7226,0.6038,0.15938599999999997,0.000284,0.06654,0.46974687477591603
575,0.72825,0.67865,0.58375,0.11779500000000001,6.4249e-05,0.12825999999999999,0.44273370461553163
576,0.6905,0.6635,0.46316666666666667,0.17845166666666668,0.022686541666666667,0.0496,0.5167266215710177
577,0.67325,0.614,0.49425,0.1648075,0.0024075,0.1594,0.4115301646867605
578,0.51575,0.495,0.29775,0.40325,0.000118045,0.03465,0.515532005162894
579,0.5193076923076922,0.46807692307692306,0.3454,0.4274353846153846,0.11840824,0.050638461538461535,0.4729090554735319
580,0.47525,0.74221875,0.500875,0.101684403125,0.0225331778125,0.042109375,0.4749894307072687
581,0.6093333333333333,0.7266111111111111,0.5156111111111111,0.21180616666666668,0.004171887222222222,0.0985111111111111,0.3993883006270366
583,0.6867222222222222,0.4945,0.30601111111111107,0.285045,0.007409338333333335,0.14923333333333333,0.4028435090682623
584,0.6048285714285715,0.6786857142857143,0.5176999999999999,0.19144973857142858,0.0013020625714285714,0.0853257142857143,0.4770787307202442
585,0.75835,0.5779,0.35472000000000004,0.0946176,0.0252509865,0.149395,0.49717146305901466
586,0.538,0.750625,0.461375,0.12142850000000001,0.1261791875,0.0544625,0.6424210328178407
588,0.6243684210526316,0.6680526315789473,0.6017105263157895,0.19950473684210526,0.009652995263157896,0.05648947368421052,0.4508845733378789
589,0.6140909090909091,0.6685454545454546,0.39618181818181814,0.1503910909090909,3.2850000000000006e-05,0.17276363636363637,0.5086781600453708
590,0.7780666666666666,0.6582,0.4676,0.215076,3.1014666666666666e-05,0.16156,0.5565643648763853
591,0.6246666666666667,0.6167777777777778,0.5376666666666667,0.17720666666666665,0.003275052222222222,0.08159999999999999,0.4982571248735171
592,0.603,0.8078,0.533,0.046307379999999995,0.008388,0.11137999999999999,0.5686533451251284
593,0.63665,0.646,0.69745,0.14193450000000002,0.0170079605,0.071125,0.4761628462843894
594,0.725,0.5577333333333333,0.5726666666666667,0.205336,0.00022708733333333335,0.06390666666666667,0.4449797228928141
595,0.7581428571428572,0.6529999999999999,0.5292857142857142,0.11038314285714287,1.462142857142857e-05,0.06451428571428572,0.4723663947496918
596,0.63275,0.6329375,0.5430625,0.286445,0.001124835625,0.06593125,0.43683969930922384
597,0.7268,0.6279999999999999,0.4686,0.05286,0.00024048999999999997,0.08352,0.34354399216004966
598,0.6030000000000001,0.5146666666666667,0.28,0.22289666666666666,6.466666666666667e-06,0.045000000000000005,0.48468062560253683
600,0.6501632653061225,0.7008367346938775,0.4668775510204081,0.13202275714285713,0.01808592306122449,0.09218775510204082,0.4676063029844201
601,0.5787272727272726,0.7506363636363637,0.5543636363636364,0.058597727272727274,0.16066313636363636,0.052290909090909096,0.47884538914010427
602,0.6061538461538462,0.7893076923076923,0.6168461538461538,0.1265776923076923,0.010690657692307693,0.05306153846153846,0.3958140659445724
603,0.657,0.5577,0.35042999999999996,0.17695999999999998,3.562e-06,0.10366,0.5145003226808805
605,0.7207692307692308,0.6364615384615385,0.43092307692307696,0.0993066923076923,5.766153846153846e-06,0.16163846153846156,0.4423205627701647
606,0.5994130434782609,0.6932173913043478,0.6740652173913044,0.21918152173913044,0.0021303995652173914,0.04175869565217392,0.4895379428028653
607,0.5173448275862069,0.5176827586206897,0.3610103448275862,0.4135609310344827,0.0710566475862069,0.0441448275862069,0.48068509725346226
608,0.6481,0.7217,0.6448,0.19306099999999998,0.005032625000000001,0.057819999999999996,0.4895636637426201
609,0.5361250000000001,0.6527916666666667,0.6266666666666667,0.25252083333333336,0.049891772083333334,0.04182916666666667,0.5255301328170439
610,0.6014375,0.5421875,0.6100625,0.332049375,0.01329338125,0.042025,0.47452016157946314
611,0.5560555555555555,0.6439722222222222,0.5717944444444445,0.32424694444444446,0.05434697333333333,0.06244444444444445,0.43651569052380534
612,0.7207307692307693,0.6114999999999999,0.39800384615384615,0.14202007692307692,0.008272599615384617,0.18019615384615387,0.5018386374960699
614,0.5962142857142857,0.8004285714285714,0.5402142857142856,0.12959195714285715,0.04063814714285714,0.04568571428571429,0.4745120518747929
616,0.6085555555555556,0.5159333333333334,0.40149555555555555,0.36263199999999995,0.009392820444444446,0.09133777777777777,0.4102528862012094
617,0.5737368421052631,0.6893684210526315,0.6032631578947368,0.24244473684210524,0.0001257242105263158,0.057252631578947374,0.44824211255964563
618,0.4065,0.266875,0.492375,0.8865000000000001,0.3832747,0.0374375,0.3589488670315749
619,0.5852,0.48919999999999997,0.4002,0.23228,0.00020444000000000001,0.0309,0.5254451801037359
620,0.689625,0.5685,0.4251125,0.1616125,0.0035675775,0.1163875,0.5759988168367712
621,0.7398571428571429,0.6487142857142858,0.41114285714285714,0.15285942857142856,0.006850745714285714,0.23541428571428571,0.4349798025671056
622,0.49499999999999994,0.5212,0.2529,0.45081471666666667,0.1484854,0.0664,0.4404554182501932
623,0.5924666666666667,0.7148333333333333,0.5748333333333334,0.16583966666666666,0.008907148,0.04934333333333333,0.44431504011600575
625,0.5603333333333333,0.6472666666666667,0.4861555555555555,0.14699339777777778,0.0197482,0.04892222222222223,0.4895540364323977
626,0.6582142857142858,0.42457142857142854,0.3112857142857143,0.4242642857142857,0.07206338714285714,0.0892357142857143,0.4122879952468594
627,0.6791818181818182,0.7559090909090909,0.6438181818181818,0.11057703636363637,0.06471316545454546,0.07665454545454545,0.4639749069440491
628,0.555625,0.43975,0.408375,0.48888750000000003,0.00060359,0.0457875,0.4275103377393216
629,0.6682857142857143,0.5988571428571429,0.6147142857142857,0.1825142857142857,0.003419428571428572,0.033428571428571426,0.4262597359138698
630,0.5705,0.7834,0.5124,0.066447,0.086348901,0.04713,0.44201424576331955
631,0.6435,0.875,0.431,0.026615,0.4260087425,0.0781,0.4734012357482611
632,0.67125,0.6554166666666666,0.7598333333333334,0.23409500000000003,0.09679890833333334,0.060375000000000005,0.4958883085944658
633,0.777483870967742,0.5842580645161289,0.5407032258064517,0.2731542580645161,0.000997857741935484,0.18278709677419355,0.5064252818349554
634,0.5973636363636364,0.7104242424242424,0.7001818181818182,0.217783,0.04406471151515151,0.06026666666666666,0.48602042124522227
635,0.712,0.7091153846153847,0.5083461538461539,0.10737765384615386,0.002336588076923077,0.1228,0.5210004578207365
636,0.6526666666666667,0.5619999999999999,0.44356666666666666,0.584,0.007990200000000001,0.07986666666666666,0.49299065420560745
637,0.5581304347826087,0.7010000000000001,0.6125869565217391,0.19292654347826085,0.0506128052173913,0.05511304347826087,0.4963247634972579
640,0.5668181818181819,0.6317272727272727,0.6769090909090909,0.2217727272727273,0.0007725236363636362,0.040590909090909094,0.40501176644423054
642,0.79575,0.5884,0.42990000000000006,0.15292109999999998,0.0011510860000000002,0.16974499999999998,0.5068139445944977
643,0.6224117647058823,0.7670980392156863,0.6489019607843137,0.15068076470588235,0.010396138431372548,0.0624,0.4631916490094376
646,0.5796,0.7373999999999999,0.5416000000000001,0.057768,0.00102954,0.08675999999999999,0.5800631020388651
647,0.4879714285714286,0.8469714285714285,0.41673142857142853,0.016790302857142857,0.024740274,0.10054857142857143,0.5700804824164529
648,0.5125151515151515,0.4727636363636364,0.43754545454545457,0.4739878787878788,0.007306087575757576,0.05395757575757576,0.492175079185381
649,0.5361176470588236,0.5544117647058824,0.3065294117647059,0.3670717647058823,0.02266566529411765,0.0359,0.39309983141857263
650,0.6466428571428572,0.6869285714285714,0.5203571428571429,0.14511142857142859,0.0005513057142857142,0.04762142857142857,0.4242809679743494
651,0.6984166666666667,0.6607500000000001,0.5073333333333333,0.07594166666666667,0.00026016666666666663,0.14015,0.4890129152026515
652,0.7101111111111111,0.7054444444444444,0.6930000000000001,0.12079555555555557,0.06473221333333333,0.042311111111111105,0.39537703202640934
654,0.5619090909090909,0.6045454545454545,0.6676818181818182,0.3162718181818182,0.00027915227272727274,0.041540909090909094,0.5355894195438139
655,0.4735294117647059,0.38829411764705885,0.5774705882352942,0.7105882352941176,0.055655095294117655,0.05104705882352941,0.5219605780979122
656,0.5849230769230769,0.8082692307692307,0.6351538461538462,0.10398583846153847,0.00011878576923076923,0.06587307692307692,0.5220482513638094
657,0.7794615384615385,0.5753076923076923,0.38748461538461537,0.07295961538461539,4.9588461538461536e-05,0.25111538461538463,0.5197593775108893
658,0.5068181818181818,0.7847878787878788,0.5014848484848484,0.04535500909090909,0.006218831212121211,0.05256969696969697,0.4666787626727393
659,0.6364615384615385,0.6691538461538461,0.4284615384615385,0.08301576923076923,0.00030526923076923076,0.17943846153846155,0.4460575934809269
660,0.3982,0.8370000000000001,0.437,0.00342296,0.038902000000000006,0.08296,0.55405143772259
661,0.7179473684210527,0.7886842105263158,0.6122894736842105,0.09855578947368421,0.007020041052631579,0.09344736842105264,0.4831900873439904
662,0.6806666666666666,0.5746666666666667,0.699,0.3748,0.24909166666666668,0.05138333333333333,0.37819991873222264
663,0.7168571428571429,0.6839285714285713,0.6209642857142857,0.23946642857142858,4.7655000000000004e-05,0.06776428571428571,0.4672967622644344
664,0.6325,0.6291666666666667,0.4195,0.17531666666666668,0.0008480916666666668,0.07683333333333332,0.5085799252655145
666,0.5962,0.7445,0.5349999999999999,0.14689069999999999,0.000342622,0.044340000000000004,0.43900674044506055
668,0.74475,0.73175,0.69825,0.10164,2.71375e-06,0.0573,0.3635425879006621
669,0.6425333333333333,0.6333333333333333,0.47326666666666667,0.228134,1e-05,0.08164666666666666,0.46259570874265993
670,0.6319375,0.5413749999999999,0.35725,0.2504125,6.505125e-05,0.10895,0.49151431448239596
672,0.5238947368421053,0.4116842105263158,0.3418421052631579,0.5930631578947368,0.02476830105263158,0.07167894736842106,0.3864905529353896
673,0.5622857142857143,0.5036190476190476,0.30333333333333334,0.4322666666666667,0.016362336190476192,0.04932380952380953,0.3757715601478299
676,0.7304,0.68895,0.515665,0.15482780000000002,6.552e-05,0.16893,0.43242614193178286
677,0.5513888888888889,0.37694444444444447,0.3790777777777778,0.5934466666666667,0.07653745666666666,0.035616666666666665,0.4357340525266046
678,0.719,0.6880000000000001,0.6809999999999999,0.02275,0.0,0.061975,0.5645570906135717
680,0.5605454545454546,0.7163181818181819,0.5406818181818182,0.17228954545454545,0.004793293181818182,0.038086363636363633,0.48355739917037327
681,0.4951666666666667,0.7186666666666667,0.4486666666666667,0.03656333333333333,0.0015594400000000003,0.05936666666666666,0.5383342894248313
682,0.6629117647058824,0.6549705882352941,0.4646764705882353,0.12784117647058824,0.003856890294117647,0.10964117647058823,0.42586547370818684
683,0.7287413793103449,0.6991551724137931,0.5133775862068966,0.1447006379310345,0.0004355139655172414,0.14579655172413794,0.5014616454829209
687,0.6850625,0.7451875,0.634875,0.1105865625,0.008797396875,0.1084875,0.4753629039486578
688,0.62025,0.49395,0.45149999999999996,0.41558149999999994,0.000639838,0.04254,0.5046714033032961
689,0.6326818181818182,0.7697727272727272,0.5737954545454546,0.07979245454545454,0.004058965227272727,0.06566818181818182,0.49304755794675
690,0.5535,0.7251666666666666,0.4935833333333333,0.08129750000000001,0.011015278333333335,0.040508333333333334,0.4639414075260335
691,0.6488461538461539,0.6727692307692308,0.4963076923076923,0.1870373846153846,0.0017576615384615384,0.08460000000000001,0.47493707263169693
692,0.543,0.579,0.45542499999999997,0.2838375,0.187807725,0.039325,0.5351423381217582
693,0.6735714285714286,0.5732857142857143,0.38221428571428573,0.22489285714285714,0.00037874642857142857,0.09519999999999999,0.5160947759843474
694,0.4912794117647059,0.775264705882353,0.5547352941176471,0.1390981994117647,0.049760491176470585,0.0700264705882353,0.4905521815055347
696,0.5295625,0.742625,0.44275,0.0970819375,0.010679965,0.050187499999999996,0.44959082271673395
697,0.6499736842105264,0.6919473684210526,0.4964736842105263,0.14871263157894737,0.009216498157894737,0.09248684210526316,0.4689592629540962
698,0.5487,0.7704,0.6296,0.06471893,0.018523224999999997,0.06152,0.48395080909243016
699,0.5706595744680851,0.5997021276595744,0.4078255319148936,0.30117468085106386,0.040610236808510634,0.05238297872340426,0.4328691543014709
700,0.5146000000000001,0.5893666666666667,0.3834,0.27851983333333336,0.004490592333333334,0.04876333333333334,0.3818874441284031
701,0.5147619047619048,0.5695238095238095,0.36632857142857145,0.25688,0.009622873333333334,0.045457142857142856,0.45702368716686187
702,0.6142,0.6397999999999999,0.7952,0.34199999999999997,0.00129436,0.08765999999999999,0.47852498984152786
703,0.6224999999999999,0.7106666666666667,0.4053333333333333,0.08255,0.007720483333333333,0.08258333333333333,0.5077702352781828
704,0.6416666666666667,0.6244,0.34642,0.112064,0.00012885133333333335,0.21288,0.5307475042028188
705,0.6050000000000001,0.49779999999999996,0.45499999999999996,0.223726,0.00088034,0.06936,0.36997872696417045
706,0.5343333333333333,0.6629999999999999,0.41900000000000004,0.2484333333333333,0.0,0.034499999999999996,0.3534849535100508
708,0.6586111111111111,0.6640555555555555,0.43268333333333336,0.1847041111111111,0.0005460994444444444,0.06461111111111112,0.4542955066355405
709,0.7144285714285715,0.6284285714285714,0.5812857142857143,0.20492857142857143,5.96e-06,0.0907,0.5767750009390183
712,0.5136603773584906,0.681622641509434,0.553377358490566,0.1784044528301887,0.033102793584905664,0.043356603773584905,0.46842383806696336
713,0.7703333333333333,0.6255833333333333,0.44566666666666666,0.0631275,8.604583333333332e-05,0.1407,0.4642118021527993
714,0.57825,0.7797499999999999,0.714125,0.220825,0.000354325,0.290875,0.32989488969094344
716,0.7441111111111112,0.7751111111111111,0.7514444444444445,0.08504444444444444,0.00016556333333333335,0.10704444444444444,0.5029094395444754
717,0.7130384615384616,0.7271923076923077,0.6449615384615384,0.10233653846153846,0.0030685611538461537,0.14412692307692307,0.5456791099523609
720,0.7814,0.782,0.738,0.202651,0.00015536199999999998,0.07748000000000001,0.4233561201807013
721,0.7168000000000001,0.6854399999999999,0.581996,0.11891840000000001,1.1531600000000002e-05,0.110304,0.44694265841241004
722,0.5840571428571428,0.7729428571428572,0.5098,0.08837300000000001,0.024360622285714284,0.07541714285714286,0.4926369003513636
723,0.6485000000000001,0.62975,0.44325000000000003,0.146925,1.5875e-06,0.2495,0.5514407103759829
724,0.5866451612903226,0.6701935483870968,0.5895,0.23149898387096776,0.0017888470967741936,0.048624193548387096,0.459446781556995
725,0.555,0.47633333333333333,0.3928888888888889,0.6077111111111111,7.388888888888888e-07,0.03891111111111111,0.560885101704233
727,0.6305555555555555,0.7112777777777778,0.7148888888888889,0.21992055555555556,0.017352487222222223,0.04597777777777778,0.4858076848509958
728,0.6243529411764707,0.792235294117647,0.7324705882352941,0.18007058823529412,3.434294117647059e-05,0.042876470588235294,0.5052497156330801
729,0.6099705882352942,0.6812058823529412,0.5546470588235294,0.15358570588235293,9.105558823529412e-05,0.043408823529411764,0.47835577570655863
730,0.6194,0.60156,0.5063799999999999,0.22632819999999998,3.26306e-05,0.061752,0.45622176542295095
731,0.5387142857142857,0.5741428571428572,0.41104285714285715,0.25811157142857144,0.2985109071428571,0.09551428571428573,0.4422939025264717
732,0.636,0.7782222222222223,0.6694444444444445,0.1701888888888889,2.661e-05,0.042166666666666665,0.4746821659721724
733,0.7094999999999999,0.6360833333333333,0.38158333333333333,0.17333083333333332,2.7916666666666666e-05,0.22519166666666668,0.6094092350471273
734,0.7189038461538462,0.6493653846153846,0.6253653846153846,0.20211846153846152,0.000123645,0.13726153846153846,0.43807871115188796
735,0.5386666666666666,0.7322222222222222,0.5103333333333333,0.1695227777777778,0.0009601505555555556,0.051550000000000006,0.5486398270536712
736,0.7263999999999999,0.5664,0.46699999999999997,0.18456,1.2899999999999998e-05,0.12204,0.2811446805459282
737,0.766,0.662,0.6721999999999999,0.26682,1.866e-05,0.07405999999999999,0.33249515978679156
738,0.72575,0.752,0.8485,0.15575,1.1505e-05,0.112425,0.4844694887300714
740,0.5329358974358974,0.7235897435897436,0.6219871794871795,0.13614911538461538,0.03959834166666667,0.06775897435897436,0.47628487052621193
741,0.601,0.742,0.5826,0.044648600000000004,0.47047999999999995,0.033979999999999996,0.6179135693285847
742,0.5281666666666667,0.611,0.6573333333333333,0.49406666666666665,2.2056666666666665e-05,0.03853333333333333,0.6236674474747234
743,0.7575000000000001,0.6602,0.44688666666666665,0.15480773333333334,0.0016626066666666666,0.17642666666666665,0.4501926125996924
744,0.4327,0.9132999999999999,0.4516,0.029482380000000002,0.085390062,0.10727,0.6265841241006764
745,0.5375,0.243,0.50475,0.786,0.0016475,0.029575,0.32261963094868173
747,0.6584166666666667,0.7313333333333333,0.5741062499999999,0.1232930625,0.0030649679166666667,0.0718375,0.4688697604194054
750,0.584111111111111,0.6000000000000001,0.4325555555555555,0.4216,0.0011662666666666665,0.10717777777777777,0.40184525659105574
751,0.7090833333333334,0.7089722222222222,0.5482499999999999,0.1469011111111111,0.00029736694444444444,0.12993333333333335,0.46056487744766056
752,0.527609756097561,0.7133170731707317,0.5255365853658537,0.18849671219512196,0.027731108780487807,0.04840975609756097,0.4768032672677994
753,0.48466666666666663,0.6983333333333333,0.295,0.15573333333333333,0.000276,0.0337,0.2893053198524432
754,0.6322173913043478,0.5251739130434783,0.3810521739130435,0.1874695652173913,0.007821880869565218,0.0748304347826087,0.4562466030173
755,0.5985263157894737,0.7427894736842106,0.6452631578947369,0.12079315789473684,0.0010306968421052631,0.0311,0.45593676209550094
756,0.66,0.37325,0.44062500000000004,0.5864075,0.01245509875,0.0581,0.3763863326720367
757,0.7384000000000001,0.7644,0.6954,0.14076,0.06937622400000001,0.06348000000000001,0.47288405000358524
758,0.6407777777777778,0.8086666666666666,0.6838888888888889,0.11753011111111111,0.00011446222222222222,0.07818888888888889,0.43084205102872786
759,0.816,0.6115,0.5259999999999999,0.09706666666666668,0.0,0.07408333333333333,0.4512074638876274
760,0.7171666666666667,0.6842777777777778,0.46322222222222226,0.1200788888888889,0.00223025,0.15164444444444444,0.4915508733630252
761,0.5801999999999999,0.5182,0.40440000000000004,0.29900000000000004,0.0,0.192,0.41044649472954564
762,0.6836666666666668,0.7706666666666666,0.7666666666666666,0.08693333333333335,0.0004966666666666666,0.06146666666666667,0.4569380373035033
763,0.6857142857142857,0.5678571428571428,0.30214285714285716,0.12951714285714286,2.9999999999999997e-06,0.2127142857142857,0.5877982237185814
764,0.7382857142857143,0.6387142857142857,0.5767142857142857,0.22615571428571427,0.003255857142857143,0.21578571428571428,0.4283682591281129
766,0.8220526315789474,0.6071052631578947,0.48552631578947364,0.24084273684210525,0.0012636542105263157,0.18597894736842105,0.49923166726003043
767,0.7150857142857142,0.6119428571428571,0.4560857142857143,0.1894052,0.0015866305714285715,0.15620285714285714,0.4587963832424477
768,0.6866666666666666,0.49466666666666664,0.612,0.40240000000000004,2.413333333333333e-05,0.0456,0.26926723554110793
769,0.5600909090909091,0.6697727272727273,0.46135000000000004,0.14456095454545453,0.018066451363636365,0.06785000000000001,0.45313820737189997
770,0.7206666666666667,0.677,0.5953333333333334,0.2081333333333333,0.039667426666666665,0.03593333333333334,0.4152345212770195
772,0.5325555555555556,0.6856666666666666,0.4838888888888889,0.2829923111111111,0.05101875555555555,0.05874444444444444,0.5297198386330016
773,0.5831458333333334,0.6636666666666667,0.6384375,0.21073354166666666,0.0021054104166666663,0.04114166666666667,0.4246831453020054
774,0.6829999999999999,0.5683333333333334,0.536,0.23770666666666665,0.0003193333333333333,0.0692,0.3653365043701349
775,0.7020000000000001,0.75225,0.59125,0.0305,2.4225e-06,0.0496,0.43015602218132276
776,0.6205999999999999,0.5606,0.34324,0.07051500000000001,0.026600440000000003,0.19285999999999998,0.4355964815832875
778,0.5815714285714285,0.7744285714285715,0.46642857142857147,0.05608428571428571,0.041417579999999996,0.042100000000000005,0.4638930338490536
779,0.6981935483870967,0.7353870967741936,0.6322258064516129,0.1324942870967742,0.007938693870967743,0.1321774193548387,0.4962114874393479
780,0.6018571428571429,0.827,0.5287428571428572,0.11566871428571428,0.0001931914285714286,0.1111,0.31987321543814595
781,0.38455555555555554,0.7703333333333333,0.24357777777777778,0.0026420677777777776,0.16973444444444444,0.06264444444444445,0.32496022924949464
782,0.6696568627450981,0.707421568627451,0.5223039215686275,0.09840397450980391,0.01139723225490196,0.10639117647058824,0.47954034495218834
783,0.49060000000000004,0.4596,0.46319999999999995,0.39398,0.0,0.05388,0.5580048760666395
785,0.5987142857142858,0.6357619047619048,0.5782380952380952,0.22706409523809526,0.005794734761904762,0.07006190476190477,0.445231607474359
786,0.5983333333333333,0.5198333333333333,0.46116666666666667,0.5796166666666667,0.27939435,0.04413333333333333,0.4646166471464652
788,0.7788571428571428,0.7341428571428572,0.6211428571428571,0.12557142857142858,0.0031428571428571426,0.21584285714285714,0.5411298611277099
789,0.676,0.5046666666666667,0.4283333333333334,0.387,0.00030833333333333337,0.07546666666666667,0.48099369776354256
790,0.669875,0.514,0.3733625,0.52875,0.00021769625,0.087325,0.3926159858498458
791,0.590375,0.7691875,0.67725,0.143075,9.841375e-05,0.0386875,0.516211352988981
793,0.5741739130434783,0.4926956521739131,0.3065478260869565,0.37239260869565216,0.006823728695652175,0.047604347826086954,0.4371029492305022
794,0.5869285714285715,0.5547142857142857,0.46971428571428575,0.2963343571428571,0.004354747142857143,0.05142142857142857,0.38967643132019164
795,0.7068,0.6662,0.6164000000000001,0.27027999999999996,0.005292332,0.06566,0.4450199584100198
796,0.568,0.622125,0.4365,0.204149,0.000612355,0.031012500000000002,0.4195941989148361
797,0.6980909090909091,0.6713636363636364,0.5075454545454545,0.11269181818181817,0.00017056,0.07669090909090909,0.45998594110910956
798,0.4388947368421053,0.439908947368421,0.27294210526315793,0.5517191473684211,0.09222326842105263,0.043021052631578946,0.3912269798956602
799,0.631,0.50675,0.34725,0.29341249999999997,1.935e-06,0.041575,0.359656225350766
800,0.4753333333333334,0.5883333333333334,0.25433333333333336,0.17889999999999998,3.5e-06,0.027266666666666665,0.49722534279863906
802,0.69425,0.6387499999999999,0.71375,0.07567499999999999,0.7464999999999999,0.058575,0.45541476444295714
803,0.5893934426229509,0.7166393442622951,0.5783606557377049,0.20161503278688525,0.001953248196721312,0.042014754098360654,0.46639642061286246
804,0.5616285714285715,0.6126571428571429,0.6705714285714285,0.31190085714285715,0.014109053142857144,0.05221714285714285,0.49056525495204173
805,0.67075,0.72,0.54175,0.0607375,1.57575e-05,0.0629,0.491387707053565
806,0.6837368421052631,0.658,0.532,0.14391746842105263,0.01108277947368421,0.08852105263157894,0.43473920717370546
807,0.6320869565217392,0.7282608695652174,0.5269130434782608,0.14242278260869567,5.4451304347826086e-05,0.09412173913043478,0.4828542656749642
808,0.715,0.6921818181818181,0.624,0.19836454545454546,0.00018239545454545454,0.10565454545454546,0.495848607257169
809,0.6849999999999999,0.7,0.591,0.28959999999999997,4.5342e-05,0.029199999999999997,0.42480579391447754
810,0.802,0.6132500000000001,0.65725,0.11657500000000001,0.00305165,0.060575,0.44815743241628225
811,0.456,0.43100000000000005,0.43133333333333335,0.8266666666666667,0.0,0.232,0.30260694281776096
812,0.6880833333333333,0.8546666666666667,0.6945833333333334,0.05707815833333333,0.0026353674999999997,0.057525,0.4343254774481918
813,0.7233684210526315,0.6102105263157894,0.5592631578947368,0.17182157894736844,0.007066214210526316,0.11399473684210527,0.42038116600390235
815,0.7119777777777778,0.7287333333333333,0.6083444444444445,0.08918733333333334,0.0037808704444444448,0.12117111111111112,0.48090406418560916
816,0.5995,0.5264230769230769,0.5623076923076924,0.4120776923076923,0.004630042692307692,0.060884615384615384,0.4617740369676454
817,0.67425,0.721375,0.507875,0.131875,0.005256671875,0.08936875,0.43172834452757125
819,0.6721999999999999,0.5243,0.33003,0.34424,0.00016946399999999998,0.20125,0.45458744651863175
821,0.68075,0.63775,0.518875,0.1991225,7.9375e-07,0.12585,0.5004974663575303
822,0.7105365853658537,0.5401219512195122,0.4110097560975609,0.2790721219512195,0.0015043363414634146,0.1436707317073171,0.443482312598779
825,0.752,0.7243478260869566,0.5953478260869565,0.1225591304347826,0.00020667478260869566,0.12399130434782608,0.40983147848118623
827,0.798,0.5695,0.4285,0.0861455,1.3805e-05,0.158725,0.41230848292181554
828,0.7111666666666666,0.7291666666666666,0.6343333333333333,0.06871000000000001,0.0002595166666666667,0.07918333333333333,0.40613870497406596
829,0.4736666666666667,0.6204444444444444,0.42497777777777773,0.19432616666666666,0.06531776666666667,0.04873333333333333,0.453046612116335
830,0.7981428571428572,0.5998571428571429,0.5718571428571428,0.19466885714285714,0.0032861285714285713,0.20474285714285714,0.4964931929699957
831,0.7751666666666667,0.675,0.5820555555555555,0.179145,1.1961111111111112e-05,0.14056666666666665,0.4748697325334034
832,0.444375,0.683875,0.2955,0.140758125,0.00045984125,0.040525,0.48420805746109896
833,0.549125,0.8689166666666667,0.5858333333333333,0.031034166666666665,0.00522419875,0.064725,0.4812279899769741
835,0.6607818181818182,0.5891818181818183,0.4350672727272727,0.21760076363636366,0.015241856000000002,0.1520327272727273,0.4831985389183563
836,0.7878333333333334,0.5178333333333334,0.3601666666666667,0.06656366666666667,0.0038084533333333334,0.15533333333333332,0.48145381679693405
837,0.5535,0.6045,0.49666666666666665,0.35155000000000003,0.00045000000000000004,0.03456666666666667,0.609016341197186
838,0.48179999999999995,0.2102,0.34287999999999996,0.95,0.30656,0.03308,0.5035877333460812
839,0.6683461538461538,0.7524230769230769,0.5722692307692308,0.11219276923076922,0.00875663846153846,0.08175384615384615,0.42153384655834636
840,0.7597777777777778,0.6015,0.46655555555555556,0.15898594444444444,0.0012488311111111111,0.1939611111111111,0.5232970948097511
841,0.7280000000000001,0.6523333333333333,0.6356666666666667,0.20240000000000002,0.018000495000000002,0.2996666666666667,0.39545836619897856
842,0.5337,0.48040000000000005,0.5338999999999999,0.382918,1.99e-06,0.04777,0.5399341491980783
843,0.7269615384615384,0.5874230769230769,0.40915384615384615,0.23392000000000002,1.7825e-05,0.11447307692307693,0.46608702087405146
844,0.6126315789473684,0.7952982456140351,0.5871929824561404,0.0591178,0.025660671754385963,0.0931,0.5194589780136696
845,0.4275,0.685,0.3953333333333333,0.08046333333333335,0.0003691616666666667,0.03523333333333333,0.40615264797507783
847,0.5973030303030302,0.5107545454545455,0.42594545454545457,0.5448127272727272,0.08940511727272728,0.043175757575757576,0.4731006916452813
849,0.6813125,0.5824375,0.4625625,0.232906875,0.006019228749999999,0.10179375,0.4464812845089275
850,0.6689545454545455,0.6947272727272727,0.5363636363636364,0.17782527272727272,0.0010711522727272728,0.18746363636363636,0.4968087730086678
852,0.6398181818181818,0.6002727272727273,0.39350909090909086,0.25462545454545454,0.08503577636363636,0.04118181818181818,0.45405002531469535
854,0.66396,0.61796,0.57862,0.2333184,8.41044e-05,0.09036799999999999,0.4802931615555608
856,0.632625,0.73725,0.51675,0.16036250000000002,0.01551,0.06235,0.4656800499557807
857,0.541695652173913,0.6,0.5163043478260869,0.3398524956521739,0.015513421739130433,0.05707826086956522,0.4963471069398732
858,0.6868571428571428,0.7037857142857142,0.549975,0.11238607142857142,0.004569645,0.13012857142857143,0.4260937003814122
859,0.5010576923076923,0.5412307692307692,0.35959807692307694,0.3416258846153846,0.032586737115384616,0.03754807692307692,0.42840540945537714
860,0.522,0.5663333333333334,0.4205666666666667,0.2719333333333333,0.04831915666666667,0.0326,0.5210001513811539
861,0.517,0.32246153846153847,0.6496153846153846,0.7780769230769231,0.02863589,0.07111538461538461,0.5390567973508911
862,0.6676666666666667,0.3773333333333333,0.2476333333333333,0.20883333333333334,1.814e-05,0.03793333333333333,0.33791460509437415
863,0.6385555555555555,0.47688888888888886,0.38243333333333335,0.4206666666666667,0.00031939666666666664,0.07753333333333333,0.40125301102426614
864,0.5753333333333334,0.5806666666666667,0.4435833333333333,0.3235325,0.0273515825,0.055150000000000005,0.4865689063110006
865,0.7681818181818181,0.7820909090909091,0.7418181818181818,0.12291818181818183,0.06830490272727273,0.06127272727272726,0.46547531871527376
867,0.4671875,0.38176875,0.229375,0.6228,0.07334094875,0.0373125,0.42999393479455983
869,0.6267999999999999,0.40531999999999996,0.28239333333333333,0.39753266666666665,0.00028760133333333333,0.19064,0.38711666706503806
870,0.5337333333333334,0.7143999999999999,0.4371733333333333,0.20305713333333333,0.002064509333333333,0.06590666666666667,0.4114049764562468
872,0.5762222222222222,0.7264444444444444,0.503,0.07951433333333333,2.695888888888889e-05,0.09807777777777778,0.4508130761447204
873,0.6461250000000001,0.809125,0.429125,0.064223375,0.037204725,0.0592625,0.4335860004302412
874,0.5903023255813953,0.7905813953488372,0.5428139534883721,0.10178797906976743,0.007578937441860464,0.07802790697674418,0.4910517895864959
875,0.5992500000000001,0.67825,0.5002500000000001,0.2319555,0.01511525,0.19865000000000002,0.3253908023997896
876,0.6999166666666666,0.7544166666666667,0.6553333333333333,0.21174166666666663,7.908333333333332e-06,0.04698333333333333,0.4899525738779868
877,0.6846666666666668,0.7616666666666667,0.4398333333333333,0.07675,0.07379773666666667,0.07401666666666666,0.4282393575065133
879,0.6050576923076924,0.7355384615384615,0.6234615384615385,0.18559821153846154,0.0001691294230769231,0.04236730769230769,0.48689166380145654
880,0.6315384615384615,0.7979230769230768,0.4858461538461538,0.119944,0.0008633230769230769,0.12090769230769231,0.4739313379213467
881,0.6303333333333333,0.7526666666666667,0.3938333333333333,0.1388,0.0022085,0.06139999999999999,0.42899028770386655
883,0.4931219512195122,0.5684878048780487,0.5142682926829268,0.3523958536585366,0.011787633902439025,0.036221951219512195,0.45273555850026553
884,0.5618333333333333,0.5816666666666667,0.44691666666666663,0.2837341666666667,0.0257898275,0.10345833333333333,0.5224412601285943
885,0.4703333333333333,0.44166666666666665,0.2657333333333333,0.15476666666666666,0.0443469,0.09306666666666667,0.7446618224697436
886,0.7252142857142857,0.64325,0.48701428571428573,0.08786085714285716,0.00036070749999999994,0.20703214285714286,0.4543494053452344
887,0.6536,0.7199,0.5974999999999999,0.0650272,0.001059323,0.05237000000000001,0.48826995243444793
888,0.4725,0.6334,0.4958,0.228751,0.02711834,0.05333,0.43537777565312996
892,0.5925,0.6986666666666667,0.703,0.21493333333333334,0.010666541666666668,0.04616666666666667,0.5256471544326792
893,0.6012352941176471,0.7267647058823529,0.6425294117647059,0.22546313725490197,0.00018221450980392156,0.03759607843137255,0.5390475500858373
894,0.6980000000000001,0.6808,0.507,0.10581199999999999,0.001115684,0.0767,0.33521404498410495
895,0.5860384615384615,0.7287692307692308,0.5041269230769231,0.11276646730769231,0.002386024230769231,0.08143076923076922,0.5024962951454454
896,0.609280701754386,0.6894035087719298,0.6651052631578948,0.25484912280701755,0.00015549350877192984,0.036617543859649125,0.4944774184187672
897,0.8081111111111111,0.5843333333333334,0.5487777777777778,0.19037777777777778,1.822222222222222e-05,0.1745,0.4463938087763888
898,0.523,0.7492857142857143,0.579,0.08282,0.15815429,0.0626,0.4661867997910257
899,0.5800000000000001,0.47188888888888886,0.35536666666666666,0.40928888888888887,0.006039733333333333,0.0337,0.41724032156544044
902,0.7152222222222222,0.45011111111111113,0.5101111111111112,0.436,0.00020409555555555553,0.05895555555555555,0.4408863233767027
903,0.6106875,0.6574375,0.7621875,0.329696875,0.028530241875,0.05844375,0.5553293137653273
904,0.8130000000000001,0.651,0.800625,0.0871625,0.0216868125,0.0710375,0.396245398809666
907,0.77775,0.5800833333333333,0.43763749999999996,0.14332925,0.0014275941666666665,0.16505833333333333,0.5010275493781421
908,0.69012,0.71964,0.60404,0.1395838,0.00012995959999999998,0.083748,0.48919688314171667
909,0.6666000000000001,0.7706000000000001,0.6768,0.19564600000000001,0.00014678,0.08792,0.424927695580467
910,0.6599130434782609,0.6215652173913043,0.47624347826086955,0.10044878260869566,0.006884180000000001,0.16239565217391305,0.5183681284820697
911,0.6891999999999999,0.7208,0.6948666666666666,0.09253399999999999,0.0076753386666666675,0.08354666666666667,0.5027790392873931
912,0.7488461538461538,0.7043846153846154,0.6344615384615384,0.15426707692307692,0.0004409769230769231,0.1865076923076923,0.4448096182804694
913,0.7157608695652173,0.6566521739130434,0.4898760869565218,0.12021021739130436,0.0026491778260869566,0.15929347826086956,0.483960525891893
914,0.6357272727272728,0.5082727272727273,0.39745454545454545,0.2210119909090909,0.009514597272727273,0.15261818181818182,0.4249663738274298
916,0.5514230769230769,0.6291538461538462,0.5704230769230769,0.3156398846153846,0.03901879615384615,0.06060384615384615,0.5566442843195477
917,0.726375,0.56825,0.43275,0.209845,0.0070125000000000005,0.0731125,0.45484633816956277
918,0.33075,0.83725,0.33675,0.093175,0.00011638499999999999,0.048225000000000004,0.2872293065946411
919,0.5512222222222223,0.4359888888888889,0.28777777777777774,0.49885555555555555,0.10402772222222222,0.0354,0.4233254455784752
920,0.6471428571428571,0.7256734693877551,0.6121836734693877,0.1480835918367347,0.02509679,0.08668979591836734,0.46343364651833907
921,0.48811627906976746,0.8565116279069767,0.47690930232558143,0.021902411627906977,0.005616765348837209,0.06803953488372093,0.5577787771033873
922,0.6485000000000001,0.55825,0.552,0.461,5.125e-07,0.05625,0.4126909195209981
923,0.478125,0.380375,0.182925,0.518025,0.05415321000000001,0.035575,0.3808792157659488
924,0.6021176470588235,0.6283470588235295,0.5184117647058823,0.21852323529411763,0.033864700000000005,0.05689705882352941,0.46146107653090634
925,0.6030000000000001,0.7129166666666666,0.6657916666666667,0.20472541666666666,0.023201213333333335,0.045670833333333334,0.46648326640692844
926,0.6625000000000001,0.7498076923076924,0.6364615384615384,0.13205834615384615,0.016610160384615383,0.060523076923076916,0.48184828114973677
927,0.5901666666666666,0.586,0.6435,0.3626833333333333,9.501583333333333e-05,0.038670833333333335,0.47724925504537447
928,0.727,0.4365,0.317725,0.3945,0.0016948925,0.128775,0.40035136362549895
930,0.5726666666666667,0.3834444444444445,0.3957777777777778,0.4135155555555555,0.09598814,0.1074,0.5283925977271581
931,0.6151538461538462,0.7079230769230769,0.6040769230769231,0.17085684615384616,0.006981243846153846,0.06195384615384615,0.4365955052667771
932,0.5815,0.61225,0.37575000000000003,0.0862,0.0004997000000000001,0.057725,0.31894316036044645
933,0.5897333333333333,0.7327333333333333,0.7271333333333333,0.15222666666666665,0.13192569799999998,0.056493333333333326,0.5247468349387703
934,0.5248,0.33120000000000005,0.24108000000000002,0.6998,9.686e-05,0.036,0.4082917035160264
935,0.48937931034482757,0.7262068965517241,0.37362758620689657,0.12822013793103448,0.014659538620689656,0.0486,0.43535749991963885
937,0.6140714285714285,0.6832857142857142,0.48778571428571427,0.19026,1.7718571428571428e-05,0.0703357142857143,0.4153577318777978
938,0.5471999999999999,0.6862,0.5147999999999999,0.09212719999999999,0.21491686200000001,0.03826,0.4590386499988049
939,0.5986666666666667,0.6502222222222223,0.44333333333333336,0.19743333333333332,0.05639293333333333,0.03345555555555555,0.39204266292728657
940,0.7512666666666666,0.6112666666666667,0.44611999999999996,0.26742000000000005,1.9466666666666666e-07,0.11179333333333334,0.42796926165834065
941,0.7566923076923077,0.6416923076923078,0.3934153846153846,0.15777384615384615,0.00169748,0.15228461538461538,0.4986155059654593
942,0.6758076923076923,0.611423076923077,0.6633076923076923,0.172035,0.0011332757692307694,0.1401923076923077,0.43160061667901617
944,0.761,0.7001999999999999,0.6698000000000001,0.119272,1.1461e-05,0.19447,0.46139302531252235
945,0.5936666666666667,0.5085000000000001,0.367,0.384635,0.022335496666666666,0.04595,0.5142029383878703
946,0.6323571428571428,0.5099285714285714,0.41800000000000004,0.38895142857142856,0.0003999628571428572,0.08978571428571429,0.3797177139852284
947,0.6883333333333334,0.6733333333333333,0.5906666666666667,0.29602,0.0733448,0.06366666666666666,0.3497761152408952
949,0.5797222222222222,0.6013333333333333,0.3982777777777778,0.2678416666666667,0.0007896488888888888,0.060594444444444444,0.4557635054563611
950,0.6774285714285714,0.6802142857142857,0.5502857142857143,0.13577142857142857,0.00897604357142857,0.06792857142857142,0.42360274056798664
953,0.60325,0.584375,0.50803125,0.2958759375,0.00026877625,0.043121875,0.4704257744341133
954,0.5703333333333334,0.7247333333333333,0.5972000000000001,0.22757,2.2140000000000003e-06,0.03818666666666667,0.5213758156655591
955,0.616225,0.722925,0.631675,0.19028,0.00260006925,0.0415625,0.46044171427205577
956,0.18776666666666667,0.10486666666666666,0.0369,0.8246666666666668,0.9463333333333334,0.03986666666666667,0.54764124260025
957,0.6115,0.837,0.64425,0.015237500000000001,4.5525e-06,0.060875,0.4788942801826134
958,0.72575,0.742,0.5195,0.056415,0.07193023,0.040475,0.45733292301073203
959,0.755,0.5943333333333334,0.3038777777777778,0.14273355555555556,8.395555555555556e-06,0.16224444444444444,0.5246658327424156
962,0.5758333333333333,0.7766666666666667,0.6499583333333333,0.11666708333333332,4.6759166666666664e-05,0.04375833333333334,0.5099353841495964
964,0.7363333333333333,0.6837948717948718,0.5723589743589743,0.127738,0.00030428871794871794,0.1355,0.44428131643993196
965,0.8016666666666666,0.5911111111111111,0.35402222222222224,0.19637777777777776,0.014777777777777779,0.13663333333333333,0.4955860442511015
968,0.5664605263157895,0.8328947368421052,0.5542894736842104,0.06681874342105264,0.004830684078947369,0.052552631578947365,0.4716666687633585
969,0.653,0.541375,0.5453749999999999,0.19218125,0.141386625,0.0987875,0.4345204304801969
970,0.544,0.6170909090909091,0.39503636363636363,0.14287009090909092,0.02369985909090909,0.04140909090909091,0.49654720593124396
971,0.774875,0.6021875,0.45374375,0.21095999999999998,0.00011311375,0.155425,0.47074247974281136
972,0.6528421052631579,0.5391578947368421,0.4703157894736842,0.2234128947368421,0.026350473157894738,0.06205789473684211,0.4293948444023988
974,0.62112,0.7978400000000001,0.5342,0.08308528000000001,0.06921290520000001,0.10492800000000001,0.5138480292563998
975,0.7392000000000001,0.4378,0.38120000000000004,0.228952,0.000361816,0.11586,0.47980256710567204
977,0.6383870967741935,0.667258064516129,0.4934290322580645,0.1625756451612903,0.004565495806451612,0.11809677419354839,0.4295832828943665
978,0.7699999999999999,0.7434285714285714,0.6868571428571428,0.23994285714285715,2.855714285714285e-06,0.18807142857142858,0.35219508364093294
979,0.6181746031746032,0.7455761904761905,0.5671746031746031,0.08797219047619047,0.01463031253968254,0.060623809523809524,0.47707220501636927
980,0.7048518518518518,0.6450185185185185,0.4712462962962963,0.11241844074074075,0.012311350370370368,0.17083518518518517,0.49043144956750134
981,0.538,0.6054999999999999,0.377,0.431,0.00750575,0.037925,0.47862089776991656
982,0.6394444444444445,0.7444444444444445,0.5608888888888889,0.03545766666666667,0.0060791111111111115,0.0758111111111111,0.5455013239211436
983,0.7682,0.7328,0.6224000000000001,0.123878,0.0011368939999999998,0.24579999999999996,0.37839233214618634
984,0.65396,0.68136,0.43292,0.09647328,0.0008986043999999998,0.195212,0.4991215909362526
985,0.6722307692307693,0.6196923076923077,0.38176923076923075,0.19652999999999998,2.9836153846153848e-05,0.16724615384615385,0.5372553922641166
986,0.6376923076923077,0.674923076923077,0.4448923076923077,0.12100615384615385,0.06737737923076924,0.057,0.4140841470836451
987,0.502,0.8526666666666666,0.5966666666666667,0.020114423809523812,1.9114761904761904e-05,0.0664,0.6293256026506499
988,0.6134999999999999,0.74725,0.50275,0.0778625,0.00127,0.0749,0.39387683151277575
989,0.5338666666666667,0.4545333333333333,0.45386666666666664,0.47552,0.0007163926666666667,0.039139999999999994,0.5177271314864832
990,0.7427096774193549,0.6846129032258064,0.6719354838709677,0.14365070967741936,0.0024193132258064514,0.09127419354838709,0.430346228488905
991,0.808,0.6486000000000001,0.7972,0.22024,0.004344000000000001,0.09022,0.47321629179912517
992,0.6785,0.6104285714285714,0.5473880952380953,0.16029285714285713,0.0002680452380952381,0.13027857142857144,0.4748626187573769
993,0.7104,0.5,0.3428,0.3215,0.0015174779999999998,0.07488,0.3961863900375266
995,0.5794,0.6115333333333334,0.6808,0.25651703333333337,0.0012438866666666666,0.04654666666666666,0.5248149564579997
996,0.6213333333333333,0.45849999999999996,0.31621666666666665,0.22285,3.2950000000000002e-06,0.0806,0.419156488275928
997,0.7386666666666667,0.692,0.5133095238095239,0.06872904761904762,0.006333996666666667,0.1503952380952381,0.3948248133060619
998,0.5645714285714286,0.6551428571428571,0.4784571428571428,0.28576305714285716,0.0002716528571428571,0.040842857142857146,0.5235609969302634
999,0.472,0.37833333333333335,0.3380666666666667,0.8236666666666667,0.302763,0.04763333333333333,0.34214530997283105
